2.77256268358099e-01,-1.80617808320915e-01,6.49521386549685e-02,1.22663290619601e-01,2.79155612888459e-02,-6.04536914433326e-02,1.00270950937862e-01,-9.45172486799520e-02,7.56328464770566e-02,-1.22118123110302e-01,-9.34073800973609e-03,-2.35471923110856e-01,-1.74706257000794e-02,-8.97121967917098e-02,-1.18612925563196e-01,-3.78730458340434e-02,-1.04585499266561e-03
-5.20511787759378e-02,-1.01107796718644e-01,-9.08138600477194e-02,-5.61868514694570e-02,6.99279727825838e-02,9.52141974168118e-02,2.98510636490531e-02,-1.27696045281501e-01,-4.33655647564487e-02,-7.27630495642818e-02,-6.68355717174101e-02,-1.43127936735646e-01,-3.75325890287282e-02,-2.74929421809162e-01,1.88275472637658e-01,-6.55132107767064e-02,-1.40278733789891e-01
3.00508551649600e-02,-3.45750413956145e-02,1.42388719041770e-01,-1.96625011033109e-01,5.43792570781588e-02,-1.68546795200460e-02,-3.66172200209370e-02,-7.23057622424026e-02,7.68965760426918e-03,-5.26877284620286e-03,5.20634296376538e-02,-4.34194710920586e-02,4.34475211887449e-03,-1.07045813224609e-02,1.23404837209970e-02,1.71865303934479e-02,5.26029786795405e-02
2.52920343858420e-02,-3.37184696473636e-02,5.49521420271826e-02,8.62289070325877e-02,-1.52850163057086e-01,-9.68064674713436e-02,1.02528439075434e-01,6.85547356476330e-02,-1.73981634966263e-01,-9.55958902008764e-02,-3.66088615580900e-02,9.21503261238104e-02,-2.21974814398246e-01,8.75600801726386e-02,-1.07065971789204e-01,5.20783981630304e-02,-1.25014442718071e-01
6.56505818019489e-02,-5.97814749300622e-02,-6.63105887510513e-02,1.64706466323615e-01,-8.09453671230676e-02,-3.56051790641020e-02,9.94892970921893e-02,5.95369798635495e-02,9.94922837061575e-02,1.29152330558920e-01,-7.48597195954366e-02,-7.18273039595359e-02,-3.47266547582292e-02,2.28613654107683e-01,-6.92956984298689e-02,1.96622208186378e-02,-1.48423881168416e-01
-1.11270930734242e-02,1.81448022206000e-01,-6.37674276247311e-02,1.81354242844286e-01,-8.44228943611650e-02,-5.93909398594236e-02,-7.56735809855055e-02,5.44400554101135e-02,2.55556010284476e-02,1.28761789769358e-01,1.06536774356389e-01,3.07763825435016e-02,-2.15870049600276e-01,1.85476719401344e-01,5.69061610209460e-02,9.74678529886346e-02,-2.31671534756580e-02
-7.34919197227945e-02,-1.79879124194409e-02,2.05055662775347e-01,3.67781041959701e-02,1.09544403232048e-01,1.91500537779962e-01,7.10932356163318e-02,6.95345918833067e-04,-2.38406630159798e-01,1.01298602143096e-01,6.06281237206333e-02,8.59120530446364e-02,2.02866996876093e-01,2.25057474747921e-01,-9.73566190367169e-03,-2.40653095755690e-02,-2.04745732433328e-02
-2.56596563205852e-02,-1.50908224686508e-01,-3.89134115338199e-04,-1.48098810141397e-02,1.86230241399437e-01,8.00478686811353e-02,-3.95210527165115e-02,-1.23924736369516e-01,1.04471240752564e-01,-9.46215925811262e-02,-2.16124003209960e-02,-2.07729919963669e-02,-3.14542435690203e-02,-6.25290164399187e-02,-1.09095220169193e-01,-1.73767274453643e-03,4.15622125201210e-02
-1.66277317154671e-01,-9.72531517659499e-02,-7.15459935018591e-02,-1.32898140423705e-02,7.33311350047342e-02,-8.32763578069012e-02,6.03950381731356e-02,9.82950633414578e-03,-5.26054882540779e-02,-5.48544875855722e-02,-3.51372695774236e-02,1.56197122777562e-01,1.00444478712268e-01,-8.41653110053129e-02,-4.45694010980210e-02,-9.68235644153148e-02,-2.55114784492279e-02
3.20840939435813e-02,4.30911480895386e-02,2.09307588009544e-02,1.38646439019526e-01,-5.11457612805258e-02,-1.08094082708256e-01,-8.57324305773037e-02,-2.00997325559944e-02,-3.68356945081574e-02,2.07310014517769e-02,5.12563451282287e-02,-1.40559965686843e-01,1.20386982239103e-01,2.13425531438190e-02,-9.92478731201260e-02,-5.42623696777179e-02,8.77940774774506e-03
1.33760865982950e-01,5.79043607863792e-02,-2.49446873058192e-02,9.05348391173701e-03,3.03741918447790e-01,-1.35254842991982e-01,1.01184974734755e-01,2.03540470419554e-01,8.23376514669872e-02,-1.11105380850464e-02,-1.02573662576977e-01,4.68425783269271e-02,1.66637329329302e-01,1.93496432081911e-02,-3.29314980194315e-02,1.44704820069503e-01,2.76796749499345e-02
9.33158996866371e-02,1.12395927188216e-01,-6.60829177676707e-02,-5.57593333387093e-02,-7.03227140737261e-03,-1.07963352460253e-02,-1.25403501122645e-01,-1.73527805475311e-01,1.09008068755877e-01,-2.45588868196860e-02,4.91320921001576e-02,-1.13121649375759e-01,2.63346517220081e-01,1.53422441318102e-01,-7.96782936973266e-03,-1.11892929773414e-01,4.71170513550492e-02
-8.33398365738305e-02,1.37213814114045e-01,-4.54511235814894e-02,2.08275277088656e-01,4.63558006566528e-02,7.24295811465514e-02,-1.02605814121077e-01,-9.65660788647344e-03,-1.01998430872946e-02,-4.34242438064042e-02,6.94923612426389e-02,1.90453972297814e-02,-4.35799990560523e-02,-9.53495209743870e-02,7.24853329549456e-03,-1.65304859785096e-01,4.45333775394867e-02
7.60735192400720e-02,8.58369684978477e-02,9.94749854105988e-02,-4.28469134774419e-02,8.37738397400241e-02,-3.20859161731613e-02,1.10891524121215e-01,-1.34700446460661e-01,-1.50529942297580e-02,6.85883061130254e-02,-2.65656321405461e-02,-8.49917073400225e-02,-1.97582494378728e-01,-5.95651204268500e-02,1.44203877855317e-01,-3.61937399710276e-02,5.27125388386732e-03
-1.53681138589248e-01,-8.96016039788206e-02,3.84475402787159e-02,2.48828141609498e-02,3.62364370034829e-02,-9.00369994282797e-02,1.56512229604297e-01,-1.36929240264668e-01,-2.15207916661688e-02,1.19323251268134e-01,1.49777451527318e-01,-3.80148919343658e-02,-7.54314244063704e-02,-3.01734237455643e-02,2.36041407729192e-01,5.43580972139257e-02,7.35335914501253e-02
-1.85680722052285e-03,1.66139038883439e-02,5.40306359970150e-02,5.26575961549968e-02,3.90078997925083e-02,5.88196824005935e-02,9.26611870411370e-02,1.00991960423443e-01,1.74638774401552e-01,1.23260145113454e-02,-2.59475406410917e-01,-6.32734794267854e-02,9.39740894211506e-03,8.84239904255537e-03,7.31659187268500e-02,2.10812551396989e-01,4.22930065917835e-02
-1.53453246037171e-01,-8.24690382887711e-03,1.16049682395750e-01,5.39169405763599e-02,1.13268725607916e-02,-3.52430965865588e-02,7.33145211495768e-02,3.69256032605693e-02,7.48088232700645e-02,-8.88182731220654e-02,-1.78567202383991e-02,-1.44214314153578e-01,-1.81724885409448e-01,-5.01559830218668e-02,-1.22909016055294e-01,-1.12555364410381e-01,-4.18328902399001e-02
-2.24253802557313e-01,-1.58761880471888e-01,1.54257327788058e-01,-9.46273870991267e-02,9.40452086481169e-02,5.96254520071473e-02,-9.80276364013873e-02,-6.47603031608822e-02,1.19036764623278e-01,-1.06408859468143e-01,1.54815650952533e-01,-3.06867532163528e-02,1.77566962161512e-01,-1.54401024338204e-01,-1.40722918395756e-02,4.45689245407422e-02,1.44358944046931e-01
-1.27787958708859e-02,-1.17001409395816e-01,6.61050456265750e-02,2.35371311755325e-02,-1.96370376174949e-01,-3.01449462010501e-02,3.20649627796348e-02,4.97587774733065e-03,-1.07266795412358e-02,1.62832140393939e-02,-2.32395016037654e-01,1.11774506921325e-01,-9.79544587850332e-02,7.64733720393093e-02,6.32129140960095e-02,3.06863589323122e-02,6.96628808547503e-02
-1.01606553329855e-01,5.08882879850752e-02,1.73917403020653e-02,5.79152859045024e-02,1.17441765270858e-01,-6.00434241551660e-02,-4.11035899631482e-02,2.01771082015387e-01,1.03311788107869e-01,3.46000310880340e-02,2.98630636181977e-02,1.16559516006658e-01,3.02139236354568e-02,-2.15165125536874e-01,-1.72628129657566e-01,1.13174838892874e-01,-1.25166792417143e-01
8.08986295128623e-02,-1.99722743671758e-02,1.67472053273718e-02,1.83189443301426e-02,4.35023323458904e-02,1.29577025211853e-01,-2.66081710810799e-02,-1.68129754000917e-02,-1.14670581059258e-01,7.34927188102155e-02,-8.75719394913752e-02,-1.16613798003760e-01,-3.43821836778823e-02,1.10843161382301e-01,-1.69463405383625e-01,-1.29944840009360e-01,-1.43444610820531e-01
-9.19691204574895e-02,5.09461481130228e-02,-2.99280258652978e-02,-5.67357392631311e-03,-1.08989338545789e-02,2.03825838344279e-01,1.55715313261612e-01,-1.26954319424587e-01,-2.79339332466572e-02,-8.05507475803071e-02,-1.60324435506583e-01,1.48993153254952e-01,-1.59854630959868e-01,7.01413081814514e-03,-2.17708505675288e-01,1.14877702964078e-01,-1.08470301245601e-01
8.15771451913238e-02,3.96794348708877e-02,4.05470296792919e-02,-9.72926286699959e-02,8.12769503181463e-02,4.53916756011062e-02,4.00628224548873e-02,7.25799862027520e-02,-2.52028519159821e-02,-7.20480226727952e-02,-2.35298183267119e-02,1.18662884971507e-01,1.52558839670718e-01,2.00745304033200e-02,1.08699595701076e-01,-4.89748958904523e-02,-2.88352601735944e-01
1.56183205825124e-01,4.83134332654021e-02,1.13281724177014e-01,-4.94785775992801e-03,1.62569369784988e-02,-1.81444157590299e-02,-1.18862502568646e-01,-2.31775632662433e-01,2.04945309284748e-02,7.95366463615404e-02,1.44488159625198e-02,-1.27182919397691e-01,1.19287151689775e-01,7.54146837096472e-02,-6.87438480655948e-02,-7.18063047649975e-03,6.16536180958956e-03
-9.42866016811660e-02,-1.30688949906251e-01,1.60841313724731e-01,8.70234655529498e-02,9.09224477020446e-02,-5.84879592454233e-02,-1.07560454888815e-01,-1.68595650900685e-01,6.36586758100790e-02,5.90857826408932e-02,-8.46027842763725e-02,8.60771168368565e-02,3.81434923873171e-02,-8.02873852750420e-02,-4.17573465691159e-02,-4.05948824382311e-02,1.09128842424679e-02
-2.09212421327876e-01,1.13810186264011e-02,-8.61391145527064e-02,2.84577082188255e-02,1.13965934442250e-01,-1.13144590472921e-01,-1.92396405548154e-01,-5.67331733663308e-02,3.19552188113678e-02,9.11518837773943e-02,-6.32420536038462e-02,-2.81761522066540e-02,1.23530059015308e-01,2.42225019835790e-01,2.04701092335095e-01,7.93958203570904e-02,9.24356997111153e-02
4.60668998619010e-02,-4.10482773078543e-02,-1.41142759759553e-01,2.60123247647853e-02,5.77748642650154e-02,-1.38812004704282e-01,4.93897339700192e-02,8.71964379345798e-03,-1.78854905848263e-02,8.02507447212253e-02,-3.43255773372519e-02,1.16988933233034e-01,2.06731442765543e-01,5.36216099025279e-03,-3.29381407489783e-02,1.26904836800527e-02,9.59852479495822e-02
-7.87997425197017e-02,-9.71167371433378e-02,1.34852055653796e-01,9.93835328457452e-02,-6.10404863205525e-02,1.05072021315695e-01,-1.67990752291534e-01,4.66259056951511e-02,9.60746700957377e-02,5.79286201470346e-02,-2.10468219507411e-02,1.11608272643649e-02,9.26854704724458e-02,-3.23305762827672e-02,1.99961099128931e-01,6.10474312940978e-02,-3.79118497882864e-02
1.78777839034791e-01,-2.02179657402657e-02,-6.75235478238004e-02,1.27524512820408e-01,1.68682144034660e-01,1.68589982951209e-01,1.14802972403864e-01,-8.39775146406433e-02,7.46355868038330e-02,-6.37165625961636e-02,-5.43660546661203e-02,8.04306892959357e-02,2.64312868841128e-02,-3.35162274857272e-02,5.51259217376902e-02,1.14158590216822e-01,-5.82628985575710e-02
2.53706336493300e-02,9.23840147943217e-02,-6.37159233586588e-02,-7.81655485416128e-04,-1.32541110752940e-02,5.61657676563120e-02,-9.70406538652430e-02,2.96418228934257e-02,-6.22028352030565e-02,-1.45778981948363e-01,-4.71645904199085e-02,-1.02737912394033e-01,-2.13493232067694e-01,-2.31171629114967e-02,2.83567973400229e-01,-2.33761909457724e-01,-7.88913721801274e-03
1.27639914596484e-01,-1.99359838410091e-02,4.49405939132073e-02,-1.32132490862942e-01,-1.79005790610851e-02,-1.01834902927769e-01,2.66735318789420e-04,-9.29184025307019e-02,-4.40377910134625e-02,-3.05526188625312e-03,-3.70627560918548e-03,6.21090896892999e-02,3.37978560380736e-01,2.76385244910586e-01,2.33694354781597e-02,5.46102623364172e-02,1.02400609447688e-01
2.33812871828157e-01,1.99113157159896e-02,1.64946530595498e-01,3.72690843324794e-02,-1.37473187342933e-01,-1.15335740061290e-02,-5.97572276397430e-02,-3.26541575189597e-04,2.93920673530045e-02,-2.29031286454759e-01,-9.51094539101674e-02,-3.14717851698316e-02,-8.30630219155029e-02,-8.95938044579958e-02,7.62232367520909e-02,4.25773035951684e-03,1.59416117727426e-01
2.04224440719591e-01,3.54771470606283e-02,-6.75585833300847e-02,2.59784586989130e-02,2.63086488788912e-02,1.29550021768852e-01,7.81071540136524e-03,-2.30043852668396e-02,-6.33432939407299e-02,1.78346854344023e-01,1.22972823382597e-02,-4.28617490702742e-02,1.09859289262029e-01,1.15213362914678e-01,-2.78959588120332e-02,9.76292484810472e-02,-3.52510372277709e-03
8.63452291432671e-02,-5.96595762922408e-03,2.00711419286094e-02,-1.05365341841730e-01,1.51092167019929e-02,-3.34470886812195e-02,-4.66021266649127e-03,-1.22571453971317e-01,-1.28718481896948e-01,2.05431976262432e-02,-1.71535636690904e-02,7.65730750961204e-02,-5.04468244915226e-02,-2.17453658834983e-01,1.13985586167085e-02,-5.56596748464727e-02,1.45510988237632e-02
-1.58584261042339e-01,-6.61263155048506e-02,-3.39351783699905e-02,-5.39890967949325e-02,1.30751725561890e-01,-8.19212120200869e-02,1.69400872731745e-01,-1.43175593413916e-01,-3.77433732062713e-02,8.92344175846848e-02,1.32266147709405e-01,-1.62012741857387e-01,-4.16304113899368e-02,-1.45253701566435e-01,-1.61507027740822e-01,7.88228124269009e-02,-8.64698585332408e-02
-2.00720787561920e-01,-8.42605379021338e-02,9.47482434102504e-02,5.90355088781998e-02,1.66385430320749e-01,1.97334141331770e-01,-2.11236546989546e-01,-9.50132103490120e-02,1.07732445269464e-01,-8.79889601382406e-02,2.13095877394420e-01,1.68824237574907e-01,3.31686063520693e-02,-3.46316500540965e-02,9.22294441140683e-03,-2.66703343477009e-01,-2.83797583344568e-02
7.91903136062648e-02,9.70555076939674e-02,2.68082985027823e-03,6.66504766893751e-03,9.61960931562379e-02,1.47134340744119e-01,1.15081673294534e-01,-2.08923087689628e-01,-1.16417480001467e-04,5.00758181944956e-02,-4.22877112050051e-02,1.14295980406482e-01,-6.90668518780472e-02,2.53627397258766e-01,-1.01948340823961e-01,7.97651596904170e-03,1.61961777487633e-01
-1.75627916569981e-01,4.07409044647748e-02,1.15166500674151e-01,2.67271853287430e-01,2.98227335301526e-02,1.20988888506920e-02,-5.99782106588223e-02,6.36227644926216e-02,-1.13121363622857e-01,7.27349942373599e-03,-5.67883627001499e-02,1.01166991382491e-01,6.37896208099053e-02,2.52328393290800e-02,-3.96164526145104e-03,-9.65539026227493e-02,8.61307005183743e-02
1.09391479939750e-01,-7.19987714258956e-02,-2.56090830398354e-02,-4.17354135283911e-02,8.94830939041694e-02,-1.35051398802833e-01,-6.07601904487776e-02,-6.33287496353197e-02,7.56595723323664e-02,1.41288843614354e-01,-2.76073841699738e-01,7.31633370304506e-03,-2.21273195344971e-01,1.15190261462412e-01,1.48092473659359e-01,8.55117828284380e-02,1.52729159223034e-01
6.04038495145103e-02,1.63173715489197e-02,-1.11051436472470e-01,-1.10165771713324e-01,1.59436356976123e-02,7.26745033691672e-02,5.59388848424069e-02,-2.75730390343171e-02,-1.82017946453029e-01,8.20307693102284e-02,-1.25069557188551e-01,3.27916585671424e-02,-1.64493133331133e-01,6.85520132566173e-02,8.65481553412341e-02,-1.20337883052037e-01,-2.56587800080139e-02
4.31163729647114e-02,-7.84335408962585e-02,-8.66853547032888e-03,4.06842713846340e-02,-2.50991031242855e-02,1.38835892158044e-02,-1.56322167392611e-01,-5.92559067199514e-02,-1.92200910442559e-02,-1.82290138838664e-01,1.54539468122734e-01,1.89757200398710e-01,3.36744129382757e-03,-3.69418566781179e-02,1.22503259999862e-01,-6.64587224579876e-03,-5.73510853346524e-02
-1.71627187613892e-02,-1.19898926614415e-01,1.05176707547678e-01,3.34977808731808e-02,-1.08218811551233e-02,-1.61218614015711e-01,-6.77209698936595e-02,1.42423310123609e-01,-2.37497752073002e-02,1.60883672479997e-01,-3.96219440361419e-02,-6.55778417598438e-02,-2.12335668251323e-01,1.23079255231145e-03,1.38178488054029e-02,-1.22954638177749e-01,-2.94934662142137e-02
2.50148530322751e-01,-9.24242122957302e-02,-7.15548046038363e-02,1.72986459247875e-01,-2.78683422558490e-02,1.51932540631867e-01,-1.74137818162809e-01,1.49424486259584e-01,9.76834756618042e-02,-2.57606521329366e-01,1.28273677671685e-01,-1.88968927094146e-01,-2.24442446997593e-01,8.62455295988682e-02,3.94351191184966e-02,-9.60035714436445e-03,1.15221576946263e-01
-1.11611541823597e-01,-6.88841174701338e-02,9.47894085451555e-02,4.74069705847080e-02,-9.56609539450894e-03,-1.15056563043716e-01,1.20359143788665e-01,1.56572492476485e-01,2.35445819799676e-01,-1.13739984590423e-01,2.78622855059561e-02,4.92254221428533e-02,-2.15145852736286e-02,9.09702160809691e-02,-1.74521267888269e-02,-8.75561923793856e-02,-2.82979249875073e-02
-2.90374706373594e-01,1.07893381844551e-01,3.74111991188253e-02,-2.95899732042025e-02,-3.25300421918299e-03,-5.06132487448905e-03,-1.63691294650873e-02,5.12267954091521e-02,-6.72536942946427e-02,1.36908904241191e-01,-1.67460257110296e-01,1.01377437041311e-01,4.37360732367303e-02,4.47072016660571e-02,-1.42912503294103e-01,-3.45899745285378e-02,5.00115545064334e-02
1.69159295175339e-01,6.48515803012428e-02,-5.89608655689394e-02,4.03308859533381e-02,-1.09447214614178e-01,1.67858732999212e-01,-1.74068960781142e-01,-6.52705342962282e-02,-1.19770409039740e-01,6.41639804003111e-02,-9.10614869829828e-02,1.13794245861841e-01,-6.28376623556686e-02,-2.39193990841417e-02,-1.01270820370206e-01,3.08068885588477e-01,-5.28070724769857e-02
-1.95675060824394e-02,1.41910273642112e-01,5.59540340879767e-02,-1.16109084368829e-01,3.50690189749663e-02,1.89276239563340e-01,-1.47492641351453e-01,1.12468455877578e-01,3.06763526336533e-01,-3.40980639112837e-02,-4.29624552408828e-02,-1.14714364920305e-01,-4.17520513296407e-02,1.39747374027857e-01,-1.05754078050331e-01,1.56561927510614e-02,-1.31509766588577e-01
1.88793539676651e-04,-2.27801793524533e-01,-2.51932173069052e-03,-2.33312413171510e-02,1.31688613821232e-02,1.63302310294271e-01,1.08845747248663e-01,1.39624814887858e-02,-8.17178638057254e-02,-4.62524753202431e-02,-7.19009207388420e-02,-2.80932320450331e-02,5.09046757630947e-02,-1.67063282352107e-01,-2.70121720583034e-01,-6.85403083224224e-02,1.79908257717149e-01
2.35388788214222e-01,-1.65585765074051e-02,-9.95026787855071e-02,9.27000540523079e-02,6.49613421833464e-03,-1.18095863182279e-01,-1.52770024379724e-02,1.95281890765434e-01,1.22364120591597e-01,1.38474013254095e-01,-5.84824600506998e-02,-9.87166880551573e-02,5.09163765632959e-02,-2.75460430602566e-02,-1.52623214701223e-01,-2.31975422708555e-02,6.52851361923843e-02
8.45549688104364e-02,7.80219696662540e-02,-6.37927619414121e-03,-1.51844261047073e-01,-1.60592070163439e-02,1.18570764183783e-01,-2.12600212097820e-02,1.53120484779276e-01,8.01665147300806e-02,-1.00076436972235e-01,4.21672088250817e-02,7.51199594867720e-02,-5.98447071122286e-02,-3.88045508270053e-02,9.69847354725346e-02,-1.58805787981836e-01,-9.18868597984392e-02
1.02186792920579e-01,-1.49032759610097e-01,-2.76289373981397e-01,-9.22419697154404e-03,1.43431456425704e-01,-8.40087017330449e-02,1.85610126311195e-01,1.68026650166442e-02,1.27356530519722e-01,-1.64480885699897e-01,-2.40276716990089e-02,1.01365239905277e-01,-6.88369374228127e-02,8.15463198898994e-02,4.46337097185933e-03,-9.73933145272911e-02,-1.42127804570369e-01
-7.01322782622295e-02,1.30859147142347e-01,-1.14685256425806e-01,1.59383173158421e-01,9.05955766311060e-02,2.18945916858423e-01,-2.91945254441598e-02,-1.16944603287739e-01,-2.59434733779605e-02,2.26267819898921e-01,-1.06876473592519e-01,-5.87005509076210e-02,-1.09568496982418e-01,4.06117731059758e-02,4.25395930840793e-02,-1.65776532731715e-01,-6.42095309227558e-02
-1.60545446789112e-02,4.81567866496901e-02,1.22009000349699e-01,-1.86072865229415e-01,8.69512937453396e-02,4.26135313773342e-02,-9.40483611716933e-02,-2.02288073343813e-01,-5.56519615040639e-02,-7.71023921585690e-02,-9.81341374714421e-02,-2.38241780991068e-02,-1.18179492174137e-01,1.24546872687370e-01,2.94155431870957e-02,1.39753525214784e-01,-9.12173504413278e-02
-2.67953539074998e-02,-1.79477289392452e-02,7.80285327590568e-02,-2.52670756967202e-01,1.95767587547694e-01,1.41651119701261e-01,-1.25103328062252e-02,4.14448475562325e-02,-1.06695025765261e-02,-8.85903376134462e-02,1.73470277978295e-01,1.23639787648467e-01,1.19580698924396e-01,-1.18914779967834e-02,3.43449471813416e-03,-4.66629065454078e-02,-8.19565024979924e-02
-4.14244882383639e-02,3.12198485317412e-02,-1.25601472838828e-01,-1.48980157117075e-01,1.39496391745078e-01,-1.44161375644979e-01,-1.55373400697084e-01,-1.06901972580339e-01,8.51504507935931e-02,8.61455058348924e-03,-1.81777053136855e-01,-5.14291447180920e-02,-1.05992505644801e-01,1.60884318536949e-01,-1.59558664364991e-01,1.58408338826154e-01,2.63862487354661e-02
3.50030433708287e-02,9.89357309214940e-03,-1.33512662309267e-01,-1.17476998323383e-01,1.78727307515739e-01,2.18213551694424e-01,-4.52699707615973e-02,-5.00693496015123e-02,-2.86089366423155e-02,-1.62535540873457e-02,-1.43008239539787e-01,5.97178733748188e-02,3.48606598993375e-02,2.97014274890122e-02,-1.19982404454944e-01,1.20868578408053e-01,-8.99607226200241e-02
4.57148993949359e-03,3.79174376855627e-02,1.95916289506023e-02,3.76262676079138e-02,3.28830064903912e-02,2.55504920067861e-02,-2.08021113187640e-02,-4.60702954421795e-03,1.02822483367488e-01,6.37145561657958e-02,-2.60910312438159e-02,-1.00655460638473e-01,6.87512575964026e-03,-9.30294568428687e-02,5.14116928124166e-02,9.02586879290590e-02,-1.59480629104349e-01
-3.36921263112057e-02,2.16449137671212e-02,1.53113597351812e-01,-5.71502046079493e-02,-1.34970334716650e-01,-1.76510062136143e-02,9.35486940769813e-02,-1.23303044635151e-01,-1.13316084447851e-01,-4.59122602766355e-02,2.11397186362652e-02,-2.24615263857028e-02,2.05230184723374e-01,5.40535436254840e-02,2.88109513181663e-02,6.01025990303552e-02,-1.60827263427242e-01
-1.64054557300682e-01,3.33342537956065e-03,5.67489244035744e-03,5.43208782642389e-02,9.52724012224932e-02,-2.18961029555694e-01,-6.71497535567808e-02,-1.55818476098097e-01,8.38453586986641e-02,-4.07230254508258e-02,-5.29240449230627e-02,1.77621371402383e-01,5.42209060867665e-03,4.66294041668510e-02,2.54140629987589e-02,-1.13135270541885e-01,1.06190985801524e-02
-6.39068598811922e-02,1.12362641335758e-01,4.51567167888540e-02,2.85677529180931e-02,2.43176767646632e-02,-9.80557328226625e-02,7.83387013923617e-02,3.26701029531905e-01,1.60260401123430e-01,-1.16729410272557e-01,5.14975663138489e-02,-4.93263479940048e-02,1.22285844702709e-01,-7.34960597393987e-03,-9.12424764987498e-02,-5.16989906629048e-02,-9.48465469550953e-02
3.09827094823488e-02,-2.83019232103390e-02,7.59694301919204e-02,-8.79050262234027e-03,-3.39588959301915e-02,-6.51977625187402e-04,-8.06617594725445e-02,2.43003462517015e-02,2.80244762567156e-02,-1.40886285485629e-01,2.54349775203597e-02,-5.87714820187304e-02,9.81299083867202e-02,-1.03254337788026e-01,-2.67943372564865e-02,7.44165777586525e-03,2.65735258980959e-02
9.01151332274178e-02,-1.27383477308745e-02,5.80070655253216e-02,1.32558185551830e-01,1.74566117385788e-01,-9.14813369567817e-02,-7.90006910557736e-02,-1.33542804418825e-01,-7.99781465556170e-02,6.58274054006835e-02,1.60168732900404e-01,-1.70083188120782e-01,-1.00061988114153e-02,8.08068221061443e-02,7.48112070143470e-02,1.84870340364306e-02,-1.55117356794756e-02
2.91728284096715e-02,-5.78720530854753e-02,6.56310430654107e-02,-2.00790736800557e-02,-8.45522487393182e-02,6.20381589288498e-04,5.25384937789625e-02,2.52159354939691e-02,-2.23457786069116e-02,8.71705897750964e-02,1.73223699000159e-01,1.73889794170452e-01,1.11953499082477e-01,1.76985649242558e-02,7.23751725667414e-02,-1.05830318602429e-01,3.93488334141850e-03
-4.37530172154346e-02,4.17950615706860e-02,2.07830306256746e-01,-2.50177964418284e-02,6.25141885733178e-02,6.09525027701956e-02,4.29700701878669e-02,-7.04684217395474e-04,-7.82743126219306e-02,-2.04066659803140e-01,5.16377934326485e-02,-8.81946058352522e-02,6.20825989454533e-02,1.19777419548851e-01,-2.38440022066211e-02,-1.55872955277286e-01,1.47210511608106e-02
1.74840748899102e-01,1.50860819195053e-01,-1.81704835536983e-01,-3.51879705357255e-02,-1.09988505766510e-01,-3.46594655150026e-02,1.55180731825263e-02,6.78927427399697e-02,7.72959347459925e-03,-7.72975951294672e-02,-1.84999044780016e-02,1.75147052715342e-01,-5.69303081148056e-03,-4.75438189304900e-02,4.55284910272752e-02,-1.07841013625263e-01,1.53510080593998e-02
1.02738342019753e-01,-3.12391929409268e-02,2.96749639896615e-01,4.51216128941285e-02,6.24444553757540e-02,-3.78115159608869e-02,-2.76579286184813e-02,3.02137471499189e-02,4.61837237990612e-02,-1.71004487825666e-01,1.38240802366998e-01,7.90905641018063e-06,4.55215663702069e-02,5.11888941936842e-02,2.58151801054238e-02,7.37041225732832e-02,2.32186593133485e-03
-5.33667855373383e-04,-7.93526055787124e-02,-2.32359606809703e-01,-3.92113213419227e-02,6.61730409834799e-02,-1.02261529390377e-01,-2.56930158475269e-03,-6.26132812699206e-02,-1.49963054066101e-01,1.34725466354976e-01,-7.62658106627719e-02,2.22209027856980e-01,5.66843920668701e-02,-5.03197713992691e-02,2.75227137347726e-02,-2.82733723481409e-02,1.70767301781311e-01
2.77615034949875e-02,-3.20379626758808e-02,-2.27983359783775e-02,9.69324547521078e-02,-1.12591514039452e-02,-3.13148714509995e-02,5.23470049712261e-02,-9.96344018631259e-02,1.07224611916512e-01,-1.80267240267081e-01,-2.06098132646462e-01,-3.14805857050368e-02,1.13774346535418e-01,-6.83525549716910e-02,-2.02120043927996e-01,3.04616265904611e-01,-6.86029287370652e-02
-1.13999975841471e-01,-6.92459213303391e-02,6.57456165621785e-03,3.40660163804959e-02,-3.69348828798219e-02,1.55968161286753e-01,5.28646805658775e-02,5.67845649744692e-02,-6.06680283026630e-02,1.01464239709437e-02,1.28590300581097e-01,6.59042891577219e-02,-1.33742047213610e-02,-1.03038312178189e-01,2.21672227383222e-01,2.33308659094998e-02,-9.75501343123689e-02
-1.82796840123190e-01,-4.17957665841996e-02,-1.09943656969440e-02,-1.06976977778336e-01,-5.14563253062182e-02,8.24842896913600e-03,6.46876630578366e-02,1.23244077818861e-01,-5.05007963736511e-03,-9.01635013192663e-02,8.05248560881000e-04,-1.01135655239557e-01,1.15753451968161e-01,-3.12534269982920e-01,-1.30252623548537e-01,4.62271737288955e-02,-3.23885801971629e-02
-5.75566720948050e-03,5.09549706049478e-02,1.86624351497233e-02,1.20600071256729e-02,2.03075145481109e-01,4.44964916986954e-02,-6.36147156367656e-02,-7.53088817333425e-02,2.38439471429345e-02,1.14777922556108e-01,7.15073782117172e-02,6.34402767636913e-02,-4.57274976049700e-02,4.75352723693680e-02,-4.00491420921997e-02,6.49779158783687e-02,-1.26727428089820e-01
8.67829725438906e-02,6.86504631261768e-02,-1.12046389818035e-01,1.50568181029446e-01,1.61801865017922e-02,-1.38637912250829e-03,-2.67382080955268e-02,-1.72701525083860e-01,4.87067393173165e-02,1.37091780785613e-01,-1.79529984618345e-01,1.03347254710674e-01,1.14415960776753e-01,2.45375089705546e-02,5.69600840402961e-02,-1.07851593048983e-01,1.63762060874862e-02
3.20742344495000e-02,4.57800144856387e-02,2.49831867310902e-02,1.05760100177872e-01,1.35043251255880e-01,3.74755534833001e-02,-1.17323655389185e-01,-5.89627568714202e-02,-8.79299903992814e-02,-1.36041644237406e-01,-3.60965496052816e-02,2.12489849913526e-02,3.35884873197532e-02,9.29686878497091e-04,6.81278503986685e-02,-4.02306843543578e-02,1.61861462403249e-02
3.91678850468645e-02,-8.35744560553611e-02,-6.58756588517068e-02,5.98147056783098e-02,1.36567571651349e-01,1.36932134656492e-01,7.94241843142895e-02,-2.63064939516971e-02,5.37147685420782e-03,3.76683843106763e-02,1.90907561316601e-01,-1.23878838937251e-01,5.37923903451386e-02,-1.39304712844129e-01,-1.54470129205707e-01,2.37483986257559e-02,-1.67053773012660e-01
-5.33359857692189e-02,-8.25699177787214e-02,-6.72679609872455e-02,3.24168646812091e-02,1.46595290197361e-01,6.80865174101141e-02,-2.14774615630672e-01,-1.63664292658280e-01,-2.32562642708022e-01,5.38090595491457e-02,8.38465626665775e-02,-1.00453189919273e-01,-2.20750613070735e-02,1.57820839972454e-01,-9.52228640787604e-03,1.34376541863256e-01,-5.96611453194709e-02
1.26780714536681e-01,-2.87150331525822e-02,-3.48566026526282e-02,-6.96266173843248e-02,-1.60360520798641e-01,-1.92136539645455e-01,2.15381898128101e-01,-4.12875792114109e-02,1.43833467594374e-01,-1.68199763549658e-01,3.25927251021457e-01,1.46141151165637e-01,-5.09700103402905e-04,3.04081426498141e-02,4.53095579201141e-02,5.79061057276867e-02,1.50382336573774e-01
-5.49948074790279e-02,1.42314361644304e-01,5.81520467526336e-02,1.31604751443887e-01,-1.39915110847736e-01,6.24320251563105e-02,-6.74777203614695e-02,1.80798559741704e-01,-1.14441377515018e-01,-3.19299335941627e-02,-9.12595432837767e-02,-3.67489389960108e-02,-2.90402188005176e-01,-3.04449695124873e-02,9.00544359191739e-02,-1.06717204837895e-01,3.62481327594837e-02
5.33059827933403e-02,-4.00579888389008e-02,6.61228451561131e-02,6.22431242263972e-02,-7.99661363134066e-02,-1.30948850086053e-01,2.20730072323535e-01,-1.86110794099000e-02,-5.40530441852583e-02,6.09973165471031e-02,5.40046662785819e-02,-3.38315554691247e-02,-3.74763409474404e-01,3.51916231390535e-01,-7.93989140040456e-02,1.13252746522815e-01,-1.26001619410783e-01
-1.14016163274417e-01,-7.71688877916849e-03,-5.84362050687948e-02,1.29049380373306e-01,-5.89243289477198e-03,-1.02461802389965e-01,-1.59805026211845e-01,-6.72471639983097e-02,5.93121540794685e-02,5.36834313810936e-02,-7.09547594767950e-02,-1.10476973221630e-01,-1.34263954135170e-01,1.49321679518608e-01,-1.53208287602714e-01,8.76278505111374e-02,1.33311954775408e-01
5.96143867550672e-02,1.89039916289169e-01,1.18955617616852e-01,1.56100285060248e-01,7.01701504057929e-02,-3.90186690403972e-02,1.55350807278482e-01,-3.58616260959377e-02,9.55148118473932e-03,-6.88668309538353e-02,-4.57037056160006e-03,-1.21798806667968e-01,-8.43138539961273e-02,7.86912720384198e-02,-3.50433092070342e-02,-1.58701608315030e-01,7.36369819747606e-02
1.46035658020857e-01,-1.10446537426889e-02,-3.02853287821450e-02,-9.49750482773546e-02,2.39112986120255e-02,4.89072734541128e-03,-1.53810583794472e-01,-1.38136437640942e-01,4.94379443614306e-02,4.32424388230483e-02,7.62552334753975e-02,-9.36900597570388e-02,-2.95659751175446e-03,2.42656845294499e-01,-3.01558549344612e-01,2.68062260174833e-01,4.71749313248147e-02
-1.47186462296457e-01,-9.27314513714265e-02,-4.70505562591263e-02,-3.19018863320892e-02,-2.05020218324658e-01,-1.38168616644587e-02,7.75679108453509e-02,-9.21672029113847e-02,-2.24636041467514e-01,-8.36583642407654e-02,-8.15828354591593e-02,-1.12345246238354e-02,2.79879378521165e-01,2.13944057755177e-02,-3.75280456167086e-02,2.98568401002575e-02,-5.91910189936490e-02
-2.83076810787073e-01,-1.43538924293861e-01,-1.38485077010814e-01,9.12839116952524e-03,-1.08295284481960e-01,2.68017162981838e-01,2.69565668469972e-02,2.00531115554455e-01,-1.75673351050226e-01,-2.91898998279809e-01,1.66457573129955e-01,1.54269867324099e-01,-3.30031139500989e-02,7.06515268631682e-02,1.95684160528549e-03,9.12590841019199e-02,1.23258339758012e-01
5.90685332469672e-02,-1.16492181802295e-01,5.54776355319467e-02,6.25361926149897e-02,2.81906804232730e-02,-1.22810352557921e-01,2.44108439373417e-02,-2.32067052256284e-01,4.67119875663936e-02,4.55068133832199e-02,2.40739179946078e-02,3.40515312239581e-02,-4.63332960156461e-02,1.14654893224414e-01,1.21044721690935e-01,-3.72739682106942e-02,6.00394176935525e-02
5.21805935971191e-03,1.84403557829400e-01,3.68552922831208e-02,3.29549029978217e-02,-4.24015681554486e-02,-5.01505184485059e-02,1.30392073562608e-01,3.83092210350573e-02,-6.37165631106021e-02,5.42592735551157e-02,6.52344612402632e-02,6.48606357456645e-02,9.52117520843120e-02,1.03226257360163e-01,-5.62893067466014e-03,-1.59692124368357e-02,6.58265019717097e-02
1.45113485744165e-01,2.37786477456949e-01,3.12725382472481e-02,7.31565611756704e-02,-5.04360915910637e-02,1.59061528361481e-01,-9.09392767659385e-02,-1.57872652229087e-01,4.40425684047503e-02,-1.64950321753943e-02,-1.20942291331314e-01,4.53774549982310e-02,-4.24787793193661e-03,1.81345588783849e-01,-5.75960887684903e-02,-3.08146211617132e-03,-1.13256111984698e-01
-5.70293037839227e-02,1.18917347442822e-01,-4.09024226337748e-03,-1.70076829902109e-01,1.64962178113690e-02,-2.37303931159049e-01,1.43735658192664e-02,-5.08123904173784e-02,2.51223012515915e-02,1.37035552425141e-01,-3.20497003247835e-02,1.06738626605802e-01,1.26909617276530e-01,1.79118006068867e-02,-2.88967052908697e-02,1.54827417906239e-01,1.10214630722032e-01
5.69320566016966e-02,5.16918118628176e-02,-7.59534157655813e-02,-1.79309452099341e-01,8.70519895917086e-02,-7.05391862289172e-02,2.07905609972792e-01,1.13249179274624e-01,1.09602400915939e-01,-5.16791866873162e-02,-9.60012496211607e-02,4.08427531150465e-02,-9.19871826297183e-02,-2.91145535045534e-01,6.15059010009789e-02,-1.38062117025828e-01,-2.31061590934603e-01
-1.38238997319736e-01,8.46869257096446e-03,-1.80732931296102e-01,2.58839865676077e-01,-8.54715270315931e-02,-9.67632904159026e-02,2.20855570300093e-01,-3.62548506917789e-02,-2.28422180796232e-01,-1.38770208304437e-01,-1.13509999952859e-02,6.64104535699129e-02,2.78082609434947e-02,2.74873675317436e-01,1.19346153696745e-01,9.39348428668549e-03,3.08052379055658e-02
-1.24929888439110e-01,9.78682906555070e-02,7.34110639545745e-03,1.33498625299240e-01,-1.56757835905439e-03,2.63293909643021e-02,3.31593601868345e-03,-3.20948396335012e-01,1.33421073846343e-02,2.04942431015687e-01,1.29503189390428e-01,-3.64867709266978e-02,-7.29304409809468e-02,-3.71230830962712e-03,-4.74635824460210e-04,-7.31952223630227e-02,-5.61910705076977e-02
3.09505626466227e-02,-5.30490352470614e-02,-1.55259255425772e-01,2.22450503691358e-01,-5.57127990777767e-02,5.18651949805009e-03,-6.24726025317355e-02,-1.26121965298086e-01,1.90768194679381e-01,1.52428242418246e-01,1.79976346338610e-01,7.85833704313232e-02,-5.34677204574005e-02,7.35989744997957e-02,9.21212307925509e-02,7.48862547144782e-03,3.93991946874521e-02
-8.13655847404253e-02,8.60743268311883e-03,-5.43681907603419e-02,5.00418166866372e-02,1.09430287937633e-01,1.02983657935223e-01,1.87993086502488e-02,-5.86688920640667e-02,-8.31103506335430e-02,1.73411007154743e-01,-5.55880004506379e-02,1.74223786887931e-03,-1.76095929532918e-01,2.95722023770932e-01,-2.30779724963287e-01,2.82620030731387e-02,9.67588465195572e-02
1.89757385729639e-02,8.54191989922953e-02,1.28540747503297e-01,-1.28865791996939e-01,-1.33014561080562e-01,-1.14750886401449e-01,-9.76755231216427e-03,-1.65631012008889e-01,1.38170025627921e-01,1.90136042881296e-01,-4.08539471904710e-03,-1.50813754266384e-02,5.26742363766269e-02,-6.54650076042866e-02,1.36298241766384e-01,1.12425329443031e-01,-1.24299416729849e-01
4.47340601396930e-02,-1.03443181611181e-01,9.21405843752439e-02,9.38072879751814e-02,-6.23411803497676e-03,2.05486404973885e-01,-5.98119601580120e-02,-3.03228137030581e-02,-4.49645195561686e-03,2.23747255548330e-01,-5.84441157151844e-02,-6.48668129077116e-02,-4.84482655105271e-02,1.24868581081484e-01,-2.33976689975076e-02,-9.50231643352742e-02,-5.85858471195052e-02
3.02478320880290e-01,3.86423323155653e-02,8.72203455493771e-02,1.92336951911985e-01,-1.32770389207283e-02,-5.04346961915273e-02,-2.54986786386698e-01,1.22087771827354e-01,-6.01267482810044e-02,7.06113958253551e-02,6.77386596647136e-02,-8.92700117832320e-02,8.10786539374593e-02,7.26702858670065e-02,7.85205731302854e-02,-2.63388071144979e-02,1.02036071385171e-01
-7.96150183746455e-02,1.76678949076836e-01,-5.67664571452007e-02,1.93784487149274e-02,1.70795216087170e-01,7.90561544780402e-02,-1.29509135474621e-02,-9.30302465585419e-02,5.12553743835834e-02,-1.24533774944528e-01,8.67337779937356e-03,-4.70865388021532e-03,1.97375819837802e-02,1.67487609625799e-01,-4.05872936628640e-02,-9.24152335740177e-02,2.43953840152466e-02
-3.26960079047128e-02,-3.98466941120373e-02,4.86470176626018e-02,-3.75319170175123e-02,5.28823509885886e-02,2.13963334650803e-02,-6.25470495237647e-02,1.04767618403184e-01,6.76740947062071e-02,-9.13480028696655e-02,1.42731483261357e-02,-2.53546539956485e-01,6.25462056033010e-02,5.53858226487028e-03,6.25310085265884e-02,-1.94107184392529e-01,1.38220507789710e-02
7.82529259167032e-02,-1.09210915407630e-01,7.68811387348353e-03,-2.16069295933863e-01,-5.12093929334179e-02,-2.06081560953117e-01,2.25093616403467e-02,-1.02987130168942e-01,-1.25520573948555e-01,3.32640389490564e-02,1.64590364485907e-01,3.19224867492133e-02,-1.30023759332727e-01,7.86558628468783e-02,-6.78917036389609e-02,-7.20111911246788e-02,-1.46913616512377e-01
4.62530874206623e-02,4.59892142521654e-02,-7.55347833343141e-03,-8.17773805652855e-02,9.42719841035084e-02,1.26704880298882e-01,5.98240975462538e-02,-6.15700928547588e-02,6.45455937912600e-03,1.26862204462219e-02,-5.71577853238696e-02,6.69495006243020e-02,-5.82690352436360e-02,3.25651112717569e-02,-1.02142190953796e-02,-1.54277784492507e-02,-1.00400197099403e-01
1.59789074905686e-01,6.46023153094433e-02,-1.98901949197129e-02,6.82647418131659e-02,-1.34294455272704e-01,-7.89073723914138e-02,-1.80769923871061e-01,6.46854651067785e-02,1.20270568226287e-01,-7.38539347787847e-02,1.11229831867942e-01,1.21347556475658e-02,6.60997393967691e-02,-2.29060267476581e-01,1.08501219003720e-01,-1.23291558482643e-01,3.76130449780692e-02
7.97132545468156e-03,1.13327567119960e-01,-1.97766352806053e-01,1.34166819931464e-02,-1.22234702783246e-01,7.54757573496914e-02,-3.53327182758908e-02,3.48521194481658e-02,1.72910369471130e-01,-1.40790398286783e-02,-8.90050183724557e-03,-1.93340698547600e-02,2.09658399125611e-01,-1.95281851083454e-01,-1.32224482701032e-02,-8.41780086001316e-02,-2.61735095689157e-02
1.22948164787126e-01,2.13550811320174e-03,3.60443894236701e-02,-7.36770297513607e-02,-9.18856934572816e-02,-1.19387508229450e-01,1.38744427914783e-02,-9.04069412997285e-02,-5.21488569856454e-02,1.42597543866147e-01,1.69336526487256e-02,-2.00556454465330e-02,4.34046420161420e-02,8.43044649040857e-02,5.84587535777312e-02,-1.10697977798979e-01,-4.68838596057067e-02
-1.12400776971103e-01,-1.23583580313780e-01,6.44645736391482e-02,3.14569583401438e-01,-1.92538306169719e-01,-1.41917575773067e-01,-3.72822211098933e-02,-3.98553685357129e-02,-8.46595348433098e-02,1.21898617520292e-01,1.03043056806782e-01,7.93148684497405e-02,6.82312040596465e-03,-1.40379531705419e-01,-1.00973516532078e-01,-7.39683027031329e-02,7.06469504361743e-02
-2.09914682773151e-03,2.01276226753980e-01,-4.58290642966086e-02,3.39418101394173e-02,-1.43468749285878e-01,7.30500107623305e-02,1.32178284021873e-01,-1.86823261277044e-02,-5.36690133032668e-02,3.13612913131324e-01,2.67091088217572e-02,-5.64308533741520e-02,-8.21960100469218e-02,-4.75653810304067e-02,-3.38097703236269e-02,4.81467657463017e-02,4.92649133042490e-02
1.53560714283521e-01,-1.21109630352752e-01,-1.39996244631017e-02,-1.93012607139329e-01,-1.15083891099317e-01,2.89450295836007e-02,-1.09077445916848e-01,-1.09196454940126e-01,6.14275603916956e-03,-3.46211484388968e-02,-5.71673435894971e-02,-8.03213271649056e-02,2.10643084223664e-01,-1.52759706081126e-01,-1.56917762681748e-03,-1.22664094334595e-01,3.45027523006236e-03
-2.62495028214551e-02,-1.62337600586428e-01,1.05359517048464e-01,8.50136208246731e-03,9.14184064481624e-02,2.39101961650113e-02,1.22520908688225e-02,2.84315234666740e-01,-4.92120064086412e-02,-1.57968703072107e-01,1.43280217332969e-01,-1.03755675136925e-01,-7.21217391998577e-02,1.66693936515763e-01,-1.49194931019030e-01,1.37647517745738e-01,1.25485685890208e-02
-4.10133534964019e-02,-1.91127401728031e-01,5.08752521810831e-02,-2.18257099750125e-01,-8.42105421094414e-02,5.63254956799694e-02,1.50796636288814e-01,-5.30417325534846e-03,-7.36881612382882e-03,-9.10289965222880e-02,-1.04284538256958e-01,9.36736441057822e-02,2.60311756326383e-02,7.10093284075978e-02,-2.18661792314746e-02,5.93334083970948e-02,-6.95164380481928e-03
6.53755102463229e-02,-2.01231016282612e-03,-1.27990192573237e-01,1.87878678947425e-01,-1.62158819825625e-01,5.09584807643165e-02,4.63961568674649e-02,-2.26134392023036e-04,-2.94318670015903e-01,-4.57170613258926e-02,4.67248779279179e-02,1.78522076861685e-01,3.51115691148295e-02,-1.70148192882814e-01,1.08572568845471e-01,-1.62674430312909e-01,-2.44969205136684e-01
1.75176192447186e-01,-6.95397200633278e-02,5.39046046382156e-02,-8.63770237866856e-02,1.21496450044198e-01,-1.22697192156480e-01,-3.07333960754196e-02,-4.01622031739579e-02,3.20403904786318e-02,-1.05948229305231e-01,1.49188280310889e-01,-2.14925098220492e-01,-1.36052776981338e-02,-1.04236658345470e-01,3.68895396920080e-02,-3.87127239788203e-02,3.58487807560585e-02
3.13126306491995e-02,-4.23484516682694e-02,1.63660325609573e-01,1.29487184591335e-01,2.19051014591143e-03,-1.80767422346377e-02,6.01850396978252e-02,-7.46027834206080e-02,-7.11863867546160e-02,3.58568140920489e-02,2.06147614100830e-01,1.60138461142750e-02,-1.12443561509350e-01,1.17723775287966e-01,1.93810445713633e-02,8.25465523387193e-02,2.21099197369024e-02
-4.44143775648581e-03,-9.45446219018380e-02,-1.48531833033168e-01,-5.50792001762790e-02,1.21781652932920e-01,5.46002972935472e-02,4.18471680452426e-02,-1.50677904483985e-01,8.31907482645757e-02,-3.24959098567084e-02,1.67164509455124e-02,-1.46859989269120e-01,-1.79899660260312e-02,-3.41743489795511e-02,2.15084139004128e-02,3.98919984845767e-02,-2.02408912034923e-01
-2.25641503081064e-02,8.75127268017079e-02,7.71784226588820e-02,1.12360371697369e-01,1.73117541392345e-02,1.90896256727783e-01,3.03898705025142e-02,-6.88804634085066e-02,-4.10832993800404e-02,-1.79167667229597e-01,1.49663126108314e-01,6.81353198147535e-02,7.19541411624232e-02,5.37956427013250e-02,-1.23444254857784e-01,3.45465540745509e-03,3.27314640659827e-01
-4.77440876968847e-02,-1.19688839293443e-01,1.57094532598712e-01,1.55318733430248e-01,-8.21001900838057e-02,1.79025561833723e-01,2.13197881016482e-01,-4.65934674295371e-02,-9.59781668469466e-02,4.03764979523723e-02,-1.24574940388200e-01,-7.95609849824581e-02,1.43536539036867e-01,-4.18188645408186e-02,1.06217288792716e-01,1.11024643552540e-01,1.67284983293884e-01
-2.46611740486025e-02,2.23492997704202e-02,9.85534732251361e-02,-9.97803928348567e-02,4.11105036336956e-02,-5.86467414424408e-02,1.73877676819904e-01,-1.26845939350924e-02,-8.66401094993150e-03,1.75862801205787e-01,9.52550159179863e-02,2.23615786075595e-01,4.75513025243148e-02,-5.39770755289931e-02,3.55753068643575e-02,-7.11122268704927e-02,1.33385527477555e-02
2.06484418569011e-01,-1.36708637460741e-01,2.20044273841816e-01,-7.72074074874261e-02,6.51990707633899e-02,1.52689906314874e-01,-1.14311693103658e-01,5.63660113720731e-02,-3.01106615016798e-03,-9.95748791234797e-02,-1.04320521022205e-01,-6.80386709407739e-02,-1.57347495077917e-01,-1.40553828193382e-01,1.76221842042800e-01,-1.25141464105292e-01,3.80490852279140e-02
-8.93707529280475e-02,7.58595674301943e-02,5.90769520344459e-03,1.20041176589542e-01,-1.97978387544596e-02,9.74089763849772e-02,1.57339244698628e-01,-1.23590106070821e-01,9.21265834983954e-02,-5.06345843850741e-02,-1.42935945787443e-01,2.32396848572200e-02,-4.36035678138634e-02,4.17055345424107e-02,1.07126217081654e-01,8.84335158281113e-03,3.46947062448728e-02
1.16138339816160e-01,1.37489641562223e-01,1.18722157082973e-01,7.74166712434847e-02,1.07228611823468e-01,2.76624016151999e-02,3.51980636548264e-02,3.88429047750702e-02,-2.07577014950786e-02,1.64971136555235e-01,-9.51420554140860e-02,1.20183351493662e-03,-1.00122165508563e-02,7.18710780717115e-02,-1.27699496389393e-01,-9.24403222711046e-02,-5.30417799366419e-03
4.19676219034639e-02,-1.04540885842908e-01,6.14991064695927e-02,6.77386608788261e-02,1.08008997474864e-01,7.74918811074203e-02,9.52688747887627e-02,-1.09863004847027e-01,3.82467909478488e-02,-9.40203391347049e-02,-4.90483971121825e-02,-2.37655888794523e-02,1.65984394232665e-01,3.70720437575877e-02,8.99951493632039e-02,-2.69905367638728e-02,1.86685569267709e-01
1.58382551737137e-01,-2.97676407134279e-02,2.28374429609915e-02,7.63284087775482e-02,2.98097448749616e-01,-1.72229067796741e-01,-5.20553112225156e-02,5.80368741334731e-02,2.25332222255000e-03,2.25469494322909e-01,1.01160414969027e-01,-9.94487844779989e-02,4.94629730689869e-02,1.29675978783667e-01,-2.26820571978306e-02,-5.76647561374043e-02,1.60911324806106e-01
-1.27817962430051e-02,8.24770256683886e-02,7.70147284401091e-03,-2.05214210365471e-02,-5.88774234387879e-02,3.09250272526593e-01,-1.17641608002254e-01,-1.25713858302030e-01,9.95529294976590e-02,-2.22001696393863e-01,7.56433907133218e-02,5.29453284822567e-02,-1.68943066772911e-01,-5.47347664079691e-02,-9.42614254906199e-02,-7.13876230228926e-04,4.49417230492054e-02
-1.55739924636864e-01,-8.55924058387659e-02,3.20925028930922e-03,-9.19797458837991e-02,1.95835859478932e-02,7.81036966236795e-03,2.22550378870602e-01,-5.93140631760126e-02,2.18927261618867e-01,6.35035042618400e-02,-1.57582061431835e-02,-4.42202325185818e-02,-8.66349219989385e-02,-1.51738684114550e-01,-1.15212692233075e-01,1.38672254710741e-01,8.65691914866798e-03
-1.40732420362565e-01,4.12488562918645e-02,8.59195920978371e-02,3.07165892552067e-02,-3.61176969573945e-02,2.12228565620349e-02,1.15739709118826e-01,2.14908467057119e-02,-1.86211615752048e-01,5.97069563004077e-02,3.36052755435795e-02,-6.90847927683140e-02,-4.32133823350843e-02,-1.01378558461390e-01,1.97352016387990e-01,-2.20595817595176e-02,1.40186471699534e-01
5.02781531576317e-02,1.32589508439828e-02,5.50426927160138e-02,9.11895171018991e-02,-1.50942721047013e-02,-1.62021206109632e-01,6.28519420748343e-02,2.05281751345684e-01,-1.24702078917139e-02,1.37286560878875e-01,-4.09726756938235e-02,1.04492354113770e-01,-1.31454513982913e-01,-9.05497827507409e-02,3.18958746040282e-02,4.50593490200115e-02,4.10413245745341e-02
1.01750824974960e-01,-3.91473052668607e-02,1.35085364405725e-01,1.18721832409300e-01,-2.19323910131308e-01,3.37038719596005e-02,-1.48499344335546e-01,1.45542289737314e-01,4.70335651988270e-02,-8.64723045080459e-02,3.05939167392015e-02,9.81810934816014e-02,-1.03322839350439e-01,-1.80259698237188e-01,5.97191962893605e-02,7.06968267090224e-02,-1.22296006504823e-01
-9.08242037522741e-02,-2.17325036383439e-02,4.94929578775889e-02,-2.82780470618819e-01,-1.18974376395000e-01,-6.45964914704001e-02,5.78871752691879e-02,4.97055341209109e-02,-1.36416246740107e-01,7.02200693844267e-02,-2.23189948972995e-02,7.64838682580010e-02,3.27993434859668e-02,2.59274879137054e-01,2.47254320537597e-01,5.78501725058348e-02,1.53337211310280e-01
7.29056001591909e-02,4.97222700904398e-02,7.13712364327664e-03,-2.85917175962385e-03,-3.13628732685651e-02,-1.28203407722652e-01,-1.06657942462634e-01,-8.58814604987330e-02,1.88955316946980e-01,1.32595214082944e-01,-7.76000848016155e-02,9.09093723400101e-02,-3.28372492542548e-02,7.95057111929717e-02,5.36661407686563e-02,1.18896481059142e-02,-1.88107252273853e-02
-1.58047498208541e-01,1.33453325452566e-01,-1.94495901536122e-02,-4.44386154102961e-02,-1.11413797092935e-01,1.53907821490301e-01,-2.08929116545688e-02,3.97882259490181e-03,-1.93361077264897e-01,-6.48645610957081e-02,2.30243152926974e-02,9.21056023810094e-02,1.27459028111154e-01,1.39066926946963e-02,1.49739938407820e-01,5.33045391630445e-02,-5.48837005961200e-02
8.94813665752065e-02,-4.13039405709455e-02,2.29680724259297e-02,6.10302310903342e-02,-7.89728335777119e-02,8.08582723825744e-02,7.60665202303625e-02,-1.42793252115252e-01,6.05988643869157e-02,-1.11628587270511e-01,-8.65282731342206e-02,1.06041238778934e-01,8.18545691972568e-02,-9.65276919395849e-02,3.98839625819353e-02,3.28784154446477e-02,-1.50715711473564e-02
3.56316492902441e-02,1.52800856878869e-02,-4.84926169641311e-02,9.59146796790468e-02,-1.75084723398507e-01,8.72460340442218e-02,-1.29806963884761e-01,1.87025673163517e-02,-4.78383390155627e-02,2.28794775295036e-01,-2.18817460449546e-02,2.48355606547342e-02,-3.82972845560029e-02,8.55351042442768e-02,1.74209192035266e-01,-1.64438862225140e-01,-8.34348284874491e-02
-2.84562926467347e-02,-3.28469637866673e-02,-4.77443576966981e-02,9.09676208377990e-02,9.13591838151560e-02,3.94383370829384e-02,9.49620472942243e-02,-1.16018303931520e-01,1.02212657764218e-01,8.40845331088697e-02,1.04044806849830e-01,2.04307565687453e-02,-8.95672941646588e-02,-1.45792980033410e-01,-1.11795730433122e-01,-2.31435725978737e-02,1.09651965861582e-01
-1.22201089273143e-01,1.96599623608816e-02,-1.30644414124354e-01,1.06719963920133e-02,-1.00386112132415e-01,-8.02828850838829e-03,2.78464597685973e-02,2.13458188111435e-02,4.94039629908125e-02,-1.04598250200211e-01,2.32443647844461e-01,-6.80171769705615e-02,-5.26982849279293e-03,-5.48505089947997e-02,1.00346793711798e-01,-1.78319171889631e-02,9.93951689588183e-02
-1.18278543708966e-01,1.70500740058337e-01,3.70664305098366e-02,9.23364393558955e-02,3.42894992737454e-03,3.47222511414673e-02,-7.05506481279739e-02,1.29755509427160e-01,7.73134477525769e-02,1.24237449646667e-01,6.50746514626813e-02,-2.25254890583357e-01,-4.51975647397893e-02,9.73358512195905e-02,4.47304469491888e-02,1.05702238583473e-01,-1.01191694060068e-02
-1.16414211969665e-01,-8.42411643618240e-02,9.02613320824861e-02,8.26336857996241e-02,-1.34668060651393e-01,-9.62695011957744e-02,3.61006094469108e-02,5.84601226654004e-02,9.56201405471733e-02,1.29548354515531e-01,-1.19100204858289e-01,6.87442711264702e-02,-5.66543980881317e-02,2.49407711280071e-01,-1.25010812228212e-02,-1.13009261837893e-01,-1.41776609165810e-01
7.69882095714379e-02,-9.73944780973798e-02,2.32896679359300e-01,8.86928787083146e-02,1.28356467630825e-01,1.74460356661638e-01,1.34467811448596e-01,-9.30288785712401e-03,-1.12125329094718e-01,-1.75459829289112e-01,-5.69989608992221e-02,-1.53019520717531e-02,1.40114994116696e-01,8.12637313675940e-02,-1.13984448608739e-01,1.03710474315604e-01,-1.14379420504464e-01
2.53858782144380e-02,-5.27940578655336e-04,9.88884525385604e-02,2.12558527005578e-01,1.61112390410351e-01,-1.01155227590013e-01,-6.15669742196825e-02,-6.03505992771010e-02,-8.23594535962080e-02,-7.58964866759108e-02,1.58994114226174e-01,2.62233971827762e-02,-1.97590422710090e-01,-1.08426430308778e-01,1.91594774987867e-01,1.17472167800660e-02,6.83226416994971e-02
-1.30834380401442e-01,-7.31623953966486e-02,-9.32402547293848e-02,3.14499709462754e-02,-8.75854624163144e-02,9.37563011298148e-02,-4.44589934228616e-02,-8.26377503887834e-03,-4.04468315572846e-02,-1.32953921935724e-01,-4.39286128447789e-02,1.84632242317779e-01,2.39701154019876e-02,1.60718151416828e-01,2.50126562886521e-02,-5.34479502256494e-02,9.43862997306111e-02
1.76775522620947e-03,-3.80119641441420e-02,8.71818853154137e-02,-1.92240563719865e-01,-7.86526074534219e-02,-1.70866875841464e-02,-1.07096946716451e-01,1.14687694183745e-01,1.74866830617860e-01,1.13748083568029e-01,-6.68870058572786e-02,-1.47582118135895e-01,-1.48922370400720e-02,-6.24829481990776e-02,-1.07980369223724e-01,3.18454672037868e-01,1.04642686892049e-02
-5.17043671761929e-02,2.04928861532711e-02,-3.72200565001767e-02,-1.89715800737757e-02,-2.24126611473434e-01,7.04982364718696e-02,-1.65682408330550e-01,-2.31502978287413e-01,6.09544000738628e-02,-7.12459770897683e-02,-1.29407217241293e-02,-8.69676581854146e-02,1.05936649495687e-01,-1.28036418411339e-01,1.59590642227132e-02,-5.25328970424585e-02,-2.07512569987841e-01
2.75740523350106e-01,5.34734038559739e-02,-2.17050456289727e-01,1.12280913940322e-01,-3.66741264429178e-02,-8.63329047703604e-02,-2.33326520574947e-02,-2.59384188688934e-02,1.00257490039166e-01,4.56929598873017e-02,1.03750544012136e-01,4.09509151281381e-03,2.61800461197418e-02,8.75209764617270e-02,4.78824461335836e-02,-7.12077528855248e-02,-1.68226254841930e-01
-4.64221695038263e-02,-6.14509274260203e-03,8.59286288804115e-02,-4.67085554796182e-02,-4.74780683631598e-02,-7.74307691223095e-02,-1.08622657574962e-02,-4.73088155151118e-02,-1.34146649619113e-01,6.21050361101903e-02,2.51756583540050e-01,-1.38273722825963e-02,-9.85686725815674e-02,-1.41909526578988e-01,-1.66699815735333e-01,-8.09015261568267e-03,2.70775034533773e-02
-9.09778482846941e-02,1.19733864920970e-01,4.21694865305157e-02,-7.58748149401099e-02,-3.52906847035434e-02,-1.17139397554771e-01,-1.92936044757738e-01,1.12589979719744e-01,1.48387723799697e-01,1.02562099479975e-01,-2.75131112829956e-02,1.51905384711936e-01,-9.13367354488503e-02,-4.43177892353878e-02,-1.09464992169375e-01,-1.43329601270515e-01,4.65078602620776e-02
7.48465358652603e-02,-1.29884531588166e-01,-7.90127731210862e-02,1.53646722985456e-01,-5.68212301387461e-02,1.93099012532210e-01,-6.74428085223179e-02,5.68425685887163e-02,-1.20741263121237e-01,-1.84241579111215e-02,2.35479631643216e-01,-9.97066686353114e-03,2.69828742338192e-02,-4.60592021613164e-02,-1.16900900647792e-02,-3.20152669645565e-02,-6.63442195652057e-02
-1.69779171241156e-01,-1.96122232710721e-02,1.84809492765226e-01,1.12019593230376e-01,1.59817104233891e-01,9.19041830470246e-02,-6.93727606413711e-02,-7.37136434175114e-02,-1.04830069776031e-02,1.13061797463880e-01,2.08069809573985e-01,-2.88336965576504e-02,5.70339052348713e-02,9.66365961580172e-04,-6.62910996967308e-03,2.39602502175301e-02,1.11374107317252e-01
-2.03581078880350e-01,3.21151180764015e-02,1.91393092038853e-02,-9.63927421722927e-02,4.06510380581029e-02,3.25461230339438e-03,3.68358652992400e-03,-2.11597173926074e-01,-1.10243805746264e-01,8.05652336737957e-02,1.20568709661405e-01,-5.49918810921122e-02,-4.36502135322829e-02,-9.34860044829415e-02,-2.34531284556118e-02,-9.75659291719232e-02,3.58437225768414e-02
-6.30725139561704e-02,1.06050979552890e-01,1.07323885498656e-01,-2.63188835561897e-02,1.17661024915155e-01,1.86180881452120e-01,-1.52989101198991e-01,1.68265712239553e-01,6.17815869072395e-02,4.31201590987632e-02,3.43853688189583e-02,-7.76571146418352e-02,-1.17501037688545e-01,-1.19065882800906e-01,-7.79942860284040e-03,8.19736009088068e-02,4.27239606901437e-02
-2.24242979651628e-01,2.56579261183852e-03,-1.21566774633699e-01,-1.15188627225097e-01,9.80554779609258e-02,1.00208703747074e-01,-1.54328097083202e-01,4.77270934696214e-02,-5.01755161006859e-02,-8.66840600630680e-02,6.35397973980732e-02,2.52638232918403e-01,-4.15664431540405e-02,-5.64007151903879e-04,7.81789789516613e-02,-5.18760162643657e-02,3.44241599448722e-02
-6.13938096792945e-04,1.03663286438566e-01,-1.39976788562079e-02,1.35217730985432e-01,-1.00729555307803e-02,1.18540731226940e-01,1.27323618017174e-01,-8.79347016656093e-03,-1.66166408189436e-02,7.80014576006227e-02,8.25930499781575e-02,-5.02024119298362e-03,1.56751878925258e-01,5.81724845599393e-02,-3.16437768381801e-02,-2.14840320609706e-01,2.21288172137719e-02
1.35300796457291e-01,8.09455533587754e-02,1.24819960661276e-01,-1.49213966051569e-02,-6.46322549446435e-03,-2.24962946722428e-02,-3.39452553126584e-02,1.07453826966314e-02,-3.34416717896353e-02,3.89676161908593e-02,-1.13226029109557e-01,7.29344857701548e-02,-5.45487248388067e-02,-7.64332406723469e-03,-9.87958764919840e-03,2.76425528771275e-02,3.87679505793312e-02
4.03944349673850e-02,1.90292050780771e-02,-3.11852322759098e-02,-9.55442029532058e-03,5.19280957239691e-02,-8.73139924490419e-02,-2.79241429906498e-01,-1.37214486634411e-01,6.17326788765188e-02,1.00790623578104e-02,-1.50368096599906e-02,-2.73015176689528e-01,9.98313867511218e-02,-1.09910272379218e-01,-3.81934094961868e-02,8.50647899637690e-03,-7.33592739558842e-02
-1.41482112609277e-01,1.09354709871699e-01,-4.76577002702525e-03,1.06890336328152e-02,-9.43037563303537e-03,5.11681118324154e-02,1.04817515042682e-01,7.23323556371166e-02,8.06917875346795e-02,-1.10420383858809e-01,5.87860943597399e-04,-8.85088830817977e-02,-1.41510309412374e-02,7.50259755569163e-03,8.82909165199954e-02,-8.96896289900388e-02,-2.31148641218131e-02
