-1.96278254345198e-02,6.65914679769495e-02,-1.91267627582323e-01,5.18052771652798e-02,6.78590520261984e-02,6.04365609428714e-02,-9.82114514026157e-02,-1.08181312232609e-01,1.72221832902261e-02,7.06849481461491e-02,-8.87874974772414e-02,-1.40870255711715e-02,6.98882492723693e-02,-4.50691495352768e-02,-1.54247359756963e-01,-5.71062532144627e-02,8.83947828645099e-03,4.74219474248084e-03,1.06373088132753e-02,-8.20060141650841e-02,-9.74821105070670e-02,1.45017562801579e-01,1.79225733429737e-02,4.15295093417519e-02,-8.81529462139200e-02,6.48326003235974e-02,-1.22535580697936e-01,1.31869004243685e-02,1.05098341395242e-01,1.66940700576036e-01,-2.61952084297817e-01,-1.41712920086013e-01,-7.57611048736202e-02,-3.07873318511639e-01,1.50682183782396e-01,-2.87518338559377e-01,1.14814004843441e-01,-1.87654854896450e-02,-1.20912871112862e-01,-2.58051346235765e-02,1.29091774677150e-01,5.29127021699608e-02,1.06686365586313e-01,-3.04800798299471e-01,1.45540757665406e-01,1.82854072043714e-01,3.43088556153646e-03,-5.50845208707921e-02,1.74556534605726e-01,-2.08478917622254e-01,-5.63024448243032e-02,-1.59208819833893e-01,1.95483996760011e-01,-1.28672041531643e-01,-6.70861475082747e-02,8.68031132745686e-02,-2.33622442410024e-02,-1.25981559928419e-01,-1.21573728268054e-01,-4.25769754024503e-02,4.54893814688888e-02,-1.59257426740032e-02,6.94282636532112e-03,1.44729489625955e-01,-2.15801057816026e-01,5.90801602908063e-02,6.46987151361562e-02,1.82495052719771e-01,-6.01335168850539e-02,8.23862062911835e-02,-9.36398621223727e-02,1.01910057448955e-02,2.16060960790736e-01,-4.28380932499892e-02,1.26088073324561e-01,1.06883985054424e-01,2.32276354219503e-03,-1.21643371438464e-01,2.38422040422741e-02,-9.52555999661569e-02,2.61048447174804e-02,-2.19783980488105e-02,1.56277268940506e-01,-9.00357725750292e-02,-1.07059007931932e-01,1.20414236117208e-01,9.53295097841001e-02,-3.46047446039195e-02,-3.05612270065646e-02,-1.54792008185426e-01,3.63414555234740e-02,3.11392922779183e-02,8.13542705237276e-02,-8.00365723385192e-02,1.40783272236587e-01,-6.79706177308907e-02,-1.83758782003954e-01,-8.54575666817577e-02,-6.15909900189524e-02,6.97931355138109e-02,7.04929417569534e-03,-6.20310696561955e-02,-1.13083810092336e-01,-7.40399017084256e-02,-2.11097714025201e-01,5.35419270722409e-02,-1.57021522052332e-02,9.91982913458547e-02,1.64983487492627e-01,-1.61310815924579e-01,2.47495765274966e-03,-2.69831668283411e-02,1.97972029261128e-01,1.11259973416636e-01,-1.72120900558916e-01,4.43807206969649e-02,-1.05009410169734e-01,1.44404843614464e-01,-1.28178405660767e-01,-5.75299960284315e-02,2.27286695005576e-02,1.83187987474289e-01,8.40394263959760e-02,-2.01883785610276e-02,1.57774442763921e-05,3.84228778035338e-02,9.39562784391074e-02,-1.66774655603192e-01,-2.25793174383471e-01,1.61819263151378e-01,-1.10928916280424e-01,1.31082975097961e-02,7.69364942480560e-02,9.42060827302559e-02,4.86981800411068e-02,3.49884508293117e-02,-3.18596419954246e-02,-2.39327045104699e-01,-9.12391699163281e-02,7.71850283036586e-02,5.04596814400594e-02,-5.43593888601774e-03,7.76914283017615e-02,-1.10904658527866e-01,1.76889859869679e-01,-1.56189548722693e-01,-2.29362624774882e-01,-1.61718669075669e-01,5.21882886291619e-02,-3.34768373584343e-02
6.74508589024976e-02,2.61909274870233e-02,4.61204861763958e-02,6.62240379139166e-02,1.09007850841511e-01,1.24159830405992e-01,-1.96754847147021e-01,-5.67446469006944e-02,-2.36955425771926e-01,1.55574683535546e-02,-4.88528695020138e-02,-6.23877005040221e-02,-2.36083016273014e-02,3.64762716458260e-02,1.28278543215106e-01,1.10899164902879e-03,7.17793935418626e-02,-1.58065394701372e-01,3.30012904890574e-02,8.40809920592982e-02,1.24568188914517e-01,8.54049104588736e-02,-9.46658988763810e-02,9.46032164229950e-02,8.23352776607314e-02,-2.42172013531210e-02,-2.05247742515873e-01,-7.66226834640097e-02,-1.02443997648134e-01,1.04686198542494e-01,-9.00446586650993e-02,2.22431279602981e-01,8.66941550483996e-02,9.86093594874326e-02,-8.16369543416764e-03,-1.69846257427233e-01,-1.12397844359981e-01,3.32605319851414e-02,1.66911835274172e-01,-6.65946442226852e-02,-1.63840966409818e-02,-1.99852264540131e-02,4.96737642671962e-02,-4.25077042512044e-02,1.49171358388982e-02,1.13033409789681e-01,-7.74167279149200e-02,2.31516564054699e-02,-6.01529241311182e-02,9.06068942813633e-02,-9.87168217898452e-02,-1.93389546784491e-02,6.11499199418789e-02,-1.60213902736757e-01,1.50584801543678e-02,-9.87750522802444e-02,-8.22475034917709e-02,-1.14266853482501e-01,3.63345488262958e-03,-5.95963703976383e-02,2.52136685402158e-02,9.30237332896936e-02,3.58829312484872e-03,1.08033007810822e-01,-9.81240115248541e-02,-1.09531332114897e-01,1.14735546862651e-01,-1.12905447172486e-01,-5.32234013312790e-02,-1.53128467871960e-02,1.87990693638863e-01,-1.68172369274811e-01,5.51456338057042e-02,1.64110409110928e-01,-4.36183515044392e-02,-1.04134980837882e-02,1.02320185467256e-01,-8.03711459580655e-02,-7.61448925773712e-02,3.82515094333254e-02,8.05286348169027e-03,2.25444834565334e-02,1.01060696883598e-01,6.32337549341423e-02,1.88692625229500e-02,2.36636589492733e-03,-2.06016298774094e-01,1.14996444545991e-01,8.88336856697912e-02,8.54504567775878e-02,-1.20098399627157e-02,2.82577994570824e-01,-5.25028645228151e-02,6.61880724898300e-02,8.51051928942375e-02,8.56813832105017e-04,-9.99406630768988e-02,9.11696809079507e-02,-4.60122908127936e-02,-7.89359063302002e-02,-8.16544514287513e-02,2.37365313526394e-02,-8.55019066171306e-02,-1.69193546929982e-01,2.18100252339639e-02,-4.20319587950714e-02,-8.47136977100154e-02,-1.05144236593236e-01,-6.39144392982586e-02,1.10847099833054e-01,-9.49129755156327e-03,2.96767701253857e-03,8.75463130545279e-04,7.70190081314157e-02,-8.07387203186383e-03,-2.17895875636866e-02,8.81903605780873e-03,-2.20084636371701e-02,-3.18576983229272e-03,-7.43116776050785e-02,-8.67220726783190e-02,-2.71812238873570e-02,-2.14917345142652e-01,-1.57910590879218e-01,8.89939033943143e-02,5.05440784985977e-02,-1.72742936706138e-01,3.78333280232242e-02,1.87118079898535e-02,1.07608129104332e-01,6.69370468644772e-02,-3.77082044859777e-02,-4.54206465755305e-02,-8.87622322626055e-02,-6.60090690806685e-02,-6.77749114186116e-02,-5.62247930394286e-02,1.22872584762056e-01,-1.88446203956949e-04,9.57460750918147e-02,1.04589484042043e-01,6.30328940978105e-02,3.11016598523914e-02,-6.68978231214453e-02,3.44953180861558e-03,-3.28287674816267e-03,-7.69812518359204e-02,1.09587806718961e-01,-5.73877397506179e-02,-2.97554984832424e-02
1.02295249739916e-01,-1.24526986431135e-01,4.73332399179987e-02,1.09906766709600e-01,-2.35899583394695e-02,1.34036193779573e-01,-1.83076285655381e-01,3.89929890206693e-02,5.05060511265418e-02,5.81970200796768e-02,9.74009251578593e-02,-1.40977523969032e-01,-6.97284292521572e-02,-1.11503947761317e-01,-1.98012757152564e-01,1.11956562526671e-02,-4.98460661073666e-02,1.73462000605300e-01,-6.27460553039038e-02,-3.04440190457704e-02,5.43661225267910e-02,-3.19248328788083e-02,5.39750691508713e-02,-1.11507961301584e-02,-9.92708555804760e-02,-1.36364228923556e-02,-1.16288079787075e-01,1.11199615359090e-01,-1.63201358727997e-01,-5.81125895248534e-02,2.13416751147789e-02,-3.31043587882218e-02,-8.52658056007339e-02,-2.62104582926089e-01,-3.82639663826196e-02,2.21206601863769e-02,-1.62117218921236e-03,4.93176606791183e-02,-1.99052377630938e-01,2.12475843967968e-01,9.05663566727120e-03,-1.30395833029519e-01,7.57700700648175e-02,9.84385306696255e-02,-5.86261402624140e-02,-5.47014207217351e-03,9.65224497616139e-02,-2.76132230249851e-02,7.78573911143337e-02,-1.25266794905712e-02,3.21625526882310e-02,6.23794393875002e-02,-4.70613290274457e-02,1.07071340501864e-01,2.76985450398684e-02,1.02353030562083e-02,-1.05910559262160e-02,2.33295634313380e-02,-4.89832332562277e-02,5.87576571944281e-02,-7.20695946528475e-03,-2.66504179215186e-02,-5.89529967105799e-02,-1.81211185945433e-01,1.06066580453898e-01,2.03300467378162e-01,1.20033601053162e-01,8.44772831331897e-02,-1.38580112627182e-01,8.60152433482777e-02,1.60487750513123e-01,1.94837537890699e-02,-6.99865597031942e-02,-2.31479107658419e-01,1.67603477219071e-01,-3.97139436669289e-02,-4.08050961148970e-02,-1.11234285625461e-01,-1.21520235019422e-01,-1.61843253224942e-01,8.88281895446712e-02,-1.48074113646686e-01,1.22892877506754e-01,-8.53728874496765e-03,-7.61045698764319e-02,-1.06555302941892e-01,-3.70513778976728e-02,-5.45926451121725e-02,1.50979168390386e-02,1.42355255938421e-01,9.06639337779098e-02,4.34063772982284e-02,1.78225986319841e-01,-9.68044910654587e-02,5.72396454631485e-02,-2.30071297860774e-02,5.59599154056851e-02,3.87584052880803e-03,4.59161747413488e-02,1.22133382407023e-03,3.28732938569862e-02,-1.14741634460715e-01,-1.81808711235683e-02,4.91321735745991e-02,-2.78125009837734e-02,-8.22324209803926e-02,-2.12439083749530e-02,4.15630037914632e-03,6.99232839591401e-02,1.99788967203302e-02,-1.16576150870111e-01,1.38479121493220e-01,-1.10889417500442e-01,6.31183879012469e-02,5.59519907421286e-02,-2.23503331867842e-01,-1.05564377102650e-01,3.76497433020188e-03,-1.16465738535131e-02,2.77351768521822e-01,-2.34585297020015e-02,1.28166799274370e-01,-5.52334960627337e-02,-9.02587382519581e-02,-1.35914560028548e-02,-1.02218569321509e-01,5.73132506176096e-02,-1.98710436006074e-02,-1.22108164825944e-01,-5.93528641191839e-03,-5.30915210712589e-02,-1.04390292511579e-02,7.97453651787552e-02,9.22955223776951e-02,-8.73791296548478e-02,-1.88948260085895e-01,-6.58590048313176e-02,-1.98201171521383e-02,-1.74515046044697e-02,-2.20853965355340e-01,-1.71910685746754e-01,1.56057340639479e-01,1.63209757190771e-02,-1.17532874132200e-01,3.70193192586787e-02,2.49120746397241e-01,-1.14205607392949e-01,6.38065628017054e-02,-1.45181920366042e-01,1.68224829578179e-02
1.90009283025686e-01,1.08372967231930e-01,-1.32695231529601e-01,3.09136208763513e-02,-1.36717403719843e-01,-1.56318560957050e-03,-3.06484362946627e-02,-6.99794328206261e-02,-2.44809785140598e-02,7.74420607813451e-02,-7.33613525629665e-02,8.32826615389076e-02,2.27442541723267e-01,-7.41577739633012e-02,-5.68218424749320e-02,2.71609848799758e-02,-5.17938389178625e-02,4.20715267494946e-02,-2.25719076057016e-02,8.91222721032618e-02,-5.97970571056839e-02,1.52539712293552e-01,8.93350404057683e-02,-3.06612688891882e-02,6.07395954268912e-02,6.65716844880640e-02,-8.40363951227140e-02,7.77193632744832e-02,2.57052791392525e-01,2.30180927734044e-02,-1.74048792305606e-02,4.56280612856470e-02,2.50706339134844e-02,7.16068213772633e-02,-9.96383356262958e-02,1.34415895150611e-01,1.21673410469929e-01,-5.76890172427925e-02,4.34520531582855e-02,3.85443494640613e-02,7.19229436542932e-02,-7.89379706428583e-02,-1.42977776897535e-01,-5.64562070850261e-02,3.00524863759133e-02,-1.47320789173242e-01,-1.15407260936624e-02,-2.38195208814513e-01,9.99628704020820e-02,4.37172528969311e-02,-1.39530156997784e-01,1.33236538304312e-01,6.76932955445221e-03,6.84141019955334e-02,7.86717651128086e-02,-1.36629364329511e-02,5.90427735805369e-02,6.66402637671096e-02,1.79139670755976e-01,1.92398481453258e-02,-4.14507421569780e-02,-1.84224731265243e-01,-1.96488615571041e-01,-4.12086404975062e-02,-3.52236625599005e-02,-5.85457922215729e-02,5.70628795278896e-02,-1.09854631983765e-01,1.48194742085353e-01,-9.36555257454234e-02,-3.83966387782864e-02,-5.46320830132280e-02,2.98339804123483e-01,1.14542501872276e-01,-1.62227357571595e-01,-7.30115599866561e-02,-2.22512151922806e-01,-1.77285473438514e-01,9.06417303349921e-03,-5.43426974196042e-03,-3.76797144315959e-02,-1.41942492564171e-01,8.43095641862621e-02,7.27673942195840e-02,4.19434036577169e-02,2.02982985356432e-01,-5.17031558847344e-02,-1.48602953782739e-01,-1.25069852575618e-01,-1.42329380115867e-02,-9.12722257519242e-02,3.56648362058610e-02,-9.56464391528430e-02,1.57600564969386e-02,-4.05696673689580e-02,6.59769957936802e-04,1.90241913337040e-01,3.57323540713135e-02,1.15951681493904e-01,-2.75639340256356e-02,5.02488154985776e-02,-6.82641588563866e-02,-1.60366060092145e-02,-3.36689007065472e-02,-3.23604327782893e-01,-1.24248559975385e-01,5.47699824414729e-02,-3.62758303218934e-02,8.45477988603298e-02,-4.91812720631830e-02,-1.08441866201854e-01,-6.27399855264136e-02,4.70991973426122e-02,-1.53297367545807e-03,-4.46382336884819e-02,-2.18855743585820e-02,7.51532760853033e-03,9.42439866641706e-02,-1.18000892364637e-01,-3.87678448356448e-03,1.54993217380218e-02,-7.01223047295486e-02,-1.05042189466939e-01,-5.55223619694818e-02,1.15966553131693e-01,3.63097342598836e-02,8.43625450899259e-02,-2.60784603538498e-02,-7.93775426774596e-02,1.20494660817537e-01,1.29912841436879e-01,-2.26568248270758e-01,3.73394554447286e-02,3.30928078881229e-03,1.53523673634116e-01,-1.08241768551692e-02,-3.98482654886550e-02,-3.92221698411018e-03,-2.28653350337739e-02,2.24987419133628e-02,-1.00674147504111e-01,5.97862253178384e-02,-1.27978596047614e-01,-3.73809546313911e-02,1.28945957361057e-01,-6.29309027113600e-02,2.61076259901650e-02,1.28766074194220e-01,-1.55242840797368e-01,1.21949454109693e-02
-7.42596832648193e-02,-1.19319472645502e-01,-5.39364378806560e-02,-2.94296310139748e-02,6.96491626433331e-02,-8.25612395391789e-02,4.30899592053339e-02,-1.52349490211045e-01,-1.24077164448496e-01,-5.24763139974178e-02,9.32877510056148e-02,3.39223919135359e-02,-1.82302889176379e-01,-5.10611760574280e-02,5.16599726318652e-02,-1.19498234799496e-02,4.04162494579895e-02,-4.71810986633613e-02,5.88162450334600e-02,-1.96715148977749e-01,1.58068104967163e-01,1.45195049371838e-02,5.82036786832581e-02,-6.81555106116044e-02,-9.47816526401047e-02,-2.27096120092058e-01,9.72891293981712e-02,3.59411327102954e-02,-9.71184896742659e-03,5.80697571215114e-02,6.45633229011973e-02,-1.29483858625578e-01,2.22136235898401e-02,9.10435176199291e-02,9.41099804549932e-02,-9.51535946215095e-02,4.44026823504949e-02,-5.91061799504833e-02,1.26801242415814e-01,1.09033431348633e-01,1.52522156007926e-01,8.24262776226022e-02,-1.24178746731425e-01,-7.41743794947523e-02,-1.18532685607546e-01,-1.09239050908286e-01,7.69444376625826e-02,2.08419621071825e-01,-3.86263660180363e-02,-1.84584334027222e-01,9.08689953967583e-02,-1.20009048945087e-01,6.26370960448767e-02,-1.99171735780870e-01,-1.54678312720449e-01,1.06928446031895e-01,-9.90150000082749e-02,-1.10911504755357e-02,-6.81569629315889e-02,1.40429485040087e-01,4.87626579056506e-02,-1.02308336458021e-02,-1.05862980816579e-01,8.01709443907211e-03,-7.44821638425815e-02,-2.85696427751813e-02,3.84200934469477e-02,8.93837281505597e-02,-1.23422821095596e-01,1.49763117239776e-01,-1.57623651887906e-01,-5.62338222676329e-02,-6.81910975363398e-02,-1.42561000051797e-01,-2.39616477264679e-01,1.39606104815040e-01,-1.50905559836072e-01,3.74011078741099e-03,-3.01393390160477e-02,5.48545731097410e-02,8.79247998284642e-02,-2.88861570981814e-02,-7.88165883935412e-03,-8.78558616105157e-02,-2.30248793005514e-01,-1.06909243793429e-01,-1.95140113134140e-01,2.75555314340697e-01,1.85216326270684e-01,1.05761588708949e-02,-2.31139095534455e-01,-3.38478219192206e-02,-1.86515126202157e-01,2.08800992526002e-02,-3.01077182888524e-01,5.84240769157473e-02,-1.17978074547970e-01,-4.51050537313883e-02,5.38364834867203e-02,-7.86889545702584e-02,-9.62002208597639e-02,4.43039862761264e-02,8.61994466048753e-02,3.57739002197587e-02,-5.24994471279778e-02,-5.54072860021028e-03,1.95098094221743e-01,2.85768497466540e-02,-2.39709424053190e-02,-6.74518190299152e-02,1.83612005967190e-02,7.80021453596293e-02,9.32196387994201e-02,2.79604114227743e-02,7.91463119600163e-02,-8.59807990671011e-02,2.14311963102904e-01,1.27613709334260e-02,2.15520839409180e-01,4.48748988198779e-03,6.45532675273635e-02,-3.73395685861922e-02,1.69667003856713e-01,-7.60044907459902e-02,9.57166361528910e-02,-3.15164208182546e-01,-1.58547667428483e-01,4.62870620669616e-02,2.84733744389925e-02,-2.70345915439670e-03,-5.71366475594429e-02,4.08445754935376e-02,1.29539385754969e-01,1.50823634109935e-01,1.63568734129686e-02,-5.58024967975576e-02,-1.32775956312080e-01,-1.94448035391761e-02,8.94493431344953e-02,2.01146048565517e-01,-2.39255358595813e-01,9.78459405860582e-02,1.06310248428508e-01,-1.39663508601974e-01,-1.37090808867912e-01,5.86286604377835e-03,-7.90751508327098e-02,1.24771358723725e-01,1.62898025146096e-02,1.57077733815107e-01
4.65790933257844e-02,1.10415541141027e-01,1.86518330996530e-01,-2.54983105615382e-01,-3.80507039595411e-02,-2.64483333288790e-02,1.29976938509480e-01,2.84171007111078e-01,-9.97016749184206e-02,-7.56652951886816e-02,8.34028334348004e-02,-8.09225195947285e-02,-5.95950011528453e-02,-5.82673384381591e-02,3.05714367569821e-02,-3.58489980628379e-02,9.71141499160011e-02,7.34668486256739e-02,1.22971753873632e-01,1.15930481607061e-01,-1.34409225218021e-02,1.27233527408391e-01,1.26332459230500e-01,2.07369346751562e-01,-2.90247563394515e-02,9.17933090092183e-02,1.68973234089378e-01,-6.61921118680861e-02,-2.05944126695000e-01,-1.94842497763237e-01,1.18966503523268e-01,1.64788825343489e-01,2.26268006193198e-02,1.95221741040402e-02,2.80787201891234e-02,-1.79940986250506e-02,5.85659984881836e-02,1.83250606543149e-01,-3.26370173460053e-03,1.12237703615899e-01,4.12880256308470e-02,1.35902947507731e-01,5.07599132834492e-02,-6.58329972415845e-02,-1.46094043891848e-01,-1.51284928526524e-01,2.32718800723094e-02,9.41445043781633e-02,3.11602708220002e-02,-7.58113018712512e-02,5.71536484983411e-03,-2.27597128926996e-02,5.47140568357573e-02,7.53459900431039e-02,7.18727208508711e-02,1.35399377774007e-01,-6.86132715425852e-02,9.12651139998798e-02,-8.32183707342391e-02,-6.57400701036941e-02,1.25896296949118e-01,3.17965032283531e-01,1.13763831386875e-01,7.89181214837306e-02,-1.20871152955643e-01,1.47533184628554e-01,-6.23587523875686e-02,8.60846393179009e-02,6.27837248085090e-02,-1.75695390634858e-01,1.41762225482682e-01,6.35893919948936e-02,1.16594452664849e-01,-4.81245159402604e-02,1.03670912058504e-01,-1.17422965012375e-01,9.29867384085051e-02,-1.39885802150781e-04,-2.17569170884322e-01,-3.49418764220348e-02,-1.62593847339880e-02,-1.38584015710177e-01,-8.73819718620912e-02,1.97216635587721e-02,9.00006773526915e-03,-3.65981767610268e-02,6.59395382344242e-02,-8.64633271351789e-02,-1.72864998666872e-03,6.32241218411924e-02,3.52282891934435e-02,3.87138611148532e-03,-1.38803352864391e-01,-1.24792070628083e-01,9.65224215083258e-02,1.21403686936827e-01,-8.92422232401499e-03,4.63424761161079e-03,1.20668670041789e-01,-1.98983931199964e-01,-7.62909269020478e-03,1.06203607260469e-01,3.74947136272478e-02,-1.31697483247335e-01,-1.08558083908641e-01,-1.95641808345264e-01,-5.41297731462345e-02,-6.88138216458638e-02,7.39719298487984e-04,2.31758349069468e-02,1.21210817792424e-01,5.42439001091424e-02,-1.78263420754302e-01,-2.75087005399052e-02,6.39142343593088e-02,-9.67560802131580e-03,1.70656405883658e-01,1.18229364238942e-01,1.02813114664825e-03,2.04321150532847e-02,5.74146832460257e-02,-2.06591628377728e-02,-2.09055880870160e-01,-2.81076413540657e-02,-1.50047130251714e-01,-7.46771385598711e-02,3.25361264966921e-02,-1.79224707498045e-01,4.47733679194218e-02,1.90018162539985e-02,-3.82348014749630e-02,-9.06161658674727e-02,-2.84217016196128e-02,1.64585782884526e-01,2.28335154502079e-01,-1.40407379828020e-01,4.41128847699651e-02,-1.26716418099664e-01,5.71026058699684e-02,2.96084208537792e-02,-1.03753931945284e-01,7.99311770108075e-02,-5.99657534205537e-02,2.84245850852209e-02,1.10698890795282e-01,8.58050515353466e-02,2.11643735433906e-02,-2.57952547805835e-01,3.54913207981379e-02,-1.34929625020376e-01
-9.08967879113502e-02,-7.99757000966457e-02,5.83718335202217e-02,-9.04098452918101e-02,-2.45029228772510e-01,-1.10169831821916e-01,2.04931180041375e-02,2.25946312966072e-02,2.14518351356072e-01,3.14495199450174e-03,9.69853425447271e-02,1.22446854461052e-01,1.39603628380427e-01,1.19692819058393e-01,-2.28919935752429e-01,7.57159674454082e-02,1.68857889028765e-01,2.72830155454667e-02,-4.86873145648721e-02,1.43217228429935e-01,6.29421438013652e-02,-4.69212027041727e-02,-2.31033355461995e-02,-7.75823204342042e-02,-1.14252695886393e-01,5.48042535478057e-03,-2.98886800913128e-02,-2.53160716251015e-02,-9.37139710006250e-02,-2.39958301770452e-02,9.74053609388812e-03,6.61398362927918e-02,-3.29860784158261e-02,-2.08468438765647e-01,-5.42480084985044e-02,-8.46023730914000e-02,-1.77828374483156e-01,-1.48450452202388e-01,-3.23341178903612e-02,-1.02016535986246e-03,-1.35925477736931e-01,1.42776276241674e-01,1.53168617261016e-01,7.93411781739708e-02,-2.88437828054690e-02,-9.08249442249894e-02,2.70673922730688e-03,-2.30369216095602e-02,4.13196174676679e-02,1.20702483959488e-01,1.01214466131231e-01,1.39203628173697e-01,-9.31625480203136e-02,6.38953879006274e-02,-2.45878222629505e-01,1.31789436761464e-02,-2.87719648377264e-02,1.33951494110106e-01,-3.83691171264451e-02,1.30160224388362e-01,5.77128627267187e-02,-1.93344122290362e-01,-8.06639411310735e-02,1.84003458914223e-01,-5.06125030272416e-02,-1.51797046833581e-02,1.06343244152960e-01,-5.79646441516424e-03,2.01486358449450e-01,-7.94543820502681e-02,-5.87797726325816e-02,-3.05684839564171e-02,1.85680062519297e-01,-6.60871792580599e-02,-9.10893521762435e-02,-6.59463767282521e-02,1.97015716918987e-01,1.37823365914665e-02,2.74782003369850e-01,1.30816281480934e-01,1.90187760200893e-01,8.00295882149263e-02,1.95282373936760e-02,-6.94856172882585e-02,-5.87333488643237e-02,-4.24802853099678e-02,1.21891679785818e-01,2.22211671041148e-01,4.04602131544568e-02,-1.92604975663444e-02,-1.37591344741406e-02,-8.62804684556521e-03,-3.06426406905166e-01,9.28560837760958e-02,2.29474076206087e-02,-1.25636428778652e-01,1.62665666178509e-01,-4.42892023152649e-02,1.03425275937399e-01,-1.23497110278058e-01,-1.10183947932809e-01,-4.15621409889487e-02,-7.18140431665910e-02,-3.56153948486269e-02,1.71053538185975e-01,8.47009805546929e-02,-1.19214316367580e-01,5.91167430413172e-02,-7.43165659327351e-02,3.35818792663464e-02,9.12033016223725e-03,5.51331232046317e-02,-2.01627243108062e-02,8.54589352829525e-02,-6.98720492318730e-02,-5.69540701479615e-03,-2.18243053986629e-02,6.50909547433860e-02,-5.39815315166672e-02,-5.14358566688507e-02,6.51240708537981e-02,-4.46103836138202e-02,2.46875323981647e-01,1.63681992540447e-01,-7.04275072437256e-03,1.30994243247195e-01,6.35214113476663e-02,-2.95280784984437e-01,-7.54181558233334e-02,-1.42898934854922e-01,9.07482699776770e-02,7.43507037749794e-02,-1.02354621392104e-01,-1.26943820494734e-01,-2.32309887153855e-02,-7.23372273977577e-02,2.24244591901690e-02,-1.48366855168416e-01,-6.52888841940744e-02,2.04045482529135e-01,4.47166330237009e-02,1.36077409543018e-01,2.27780935672428e-01,-2.30211173055257e-01,-1.04894909699337e-01,-1.26061507651779e-01,-6.11463953428772e-02,1.28202140190829e-01,-3.88425504456454e-02,-2.10601135708983e-01
2.21689312736283e-01,1.65796608344280e-01,-1.70823379399223e-01,8.79334741309398e-02,1.71087954375869e-01,-6.59189312720480e-02,1.08382110748369e-01,9.89497053508731e-02,-2.17098863549363e-01,-1.96107546686711e-02,7.83575696036086e-02,5.46094102553771e-02,-1.44713771770357e-01,4.27118096789899e-02,1.29193176527191e-01,-1.00800885808881e-01,-1.45133225866008e-01,-3.94838617420373e-01,3.08674945532488e-02,-3.82129156136424e-02,3.23990951652198e-02,-2.18836937461864e-02,6.95396410417413e-02,-2.91856036369057e-02,-9.50987299667726e-02,-3.33496361860357e-01,-9.31964201822027e-02,-1.54170562178175e-01,1.81048967386204e-01,2.49980615828459e-02,-9.70849625497788e-02,2.54022596874707e-01,-3.11618254432157e-02,-3.48683228174901e-02,-2.21450721720185e-01,1.42670644117996e-01,9.15425069407814e-02,-5.40917741803718e-02,7.25012811989389e-02,-7.31807398345031e-02,7.54078250377841e-02,1.00377763317859e-01,1.91762423448415e-01,-1.73270385832103e-01,-3.64168968410311e-02,8.78977339060742e-02,2.72503057518983e-03,-6.89471264688308e-02,2.68911796550861e-01,1.16593316556128e-01,2.39214147738211e-02,1.67599991865998e-01,2.03215321899667e-01,2.61801795496641e-01,4.06361501213781e-03,2.24066021538504e-01,-8.34637505396105e-02,3.48810012805719e-02,-2.29289402646329e-01,5.92477931555289e-03,1.82482648884691e-01,2.92453291905665e-02,9.34583491865302e-02,-1.29585947275453e-01,2.05917829634847e-01,6.52080023673853e-02,-1.77651315421098e-01,-8.99124023179136e-03,-7.83906670717856e-02,-9.74635823275634e-02,2.79254879397077e-02,-5.64075727894158e-02,-8.75883091494467e-03,1.86916567489903e-02,-1.78296528419759e-01,-1.72690129662437e-03,1.20448700375123e-01,1.07777456285846e-01,5.31367180020922e-02,1.34866496463915e-01,1.28244563765745e-01,2.03445463251637e-02,-7.14748280970901e-02,1.49900270195636e-02,7.26978261375239e-02,-1.52966704328268e-02,7.47273813218180e-02,5.69779146641533e-02,-1.39376242596654e-01,8.32239963090390e-03,1.25639526996016e-02,-8.28912728108503e-02,-1.62279903989538e-02,8.77784768209535e-02,2.33876671721382e-01,-2.11986189630783e-01,-1.19541226860089e-01,1.41315854035627e-01,-3.66558655375757e-02,-1.34819999462907e-01,-1.39903963396849e-01,9.85315040970595e-02,-1.28848126099408e-01,-2.41256298502225e-01,1.37490081176413e-01,9.62816136987381e-02,-6.15776452009103e-02,-2.46468882687291e-02,-2.53190601401957e-03,-5.32419298886337e-02,4.16044115335666e-02,1.89278771186628e-02,-8.17187002783105e-02,-1.01399194493172e-02,2.28498663150898e-02,7.78723135886411e-02,-4.65688743711184e-02,2.57689330451302e-01,9.98664037829866e-02,4.29415948802830e-02,-1.88449110827061e-01,-1.99231143122130e-03,7.46331717579713e-02,-6.82327241855146e-02,-2.17996703598213e-01,-1.61991939213648e-02,5.51540596328473e-02,1.15395385777675e-01,-2.38931929182657e-02,-9.34091341353924e-02,-2.45821696239439e-02,-1.71553477205175e-01,9.09518658577420e-02,2.08785828461059e-01,1.04748889070801e-01,-6.10373344260913e-02,-1.42736711069383e-01,4.95368764846995e-03,-2.46961502961906e-02,7.63839899600130e-02,-3.19386674698277e-02,-1.87578188777667e-02,-8.15753930119047e-02,-1.51485567497986e-01,1.85368200343047e-01,-1.83179660264950e-01,1.42825240960394e-01,-5.96858592418593e-02,5.64703954068165e-04,-2.51503030213226e-02
1.33352381226728e-01,-6.03444987211292e-02,-6.48324552753170e-02,1.16406709669497e-01,8.43481848567483e-02,-4.42454061633565e-02,9.02667788495318e-02,-1.09096439069087e-01,-2.86218492358630e-01,3.20565182649251e-02,-2.26805250650036e-01,-7.47376045568494e-02,-1.27215436964234e-03,-2.18123059863369e-02,-3.70186327423572e-02,1.36246839298702e-01,-1.77552189012111e-01,1.51323566631645e-02,-3.94901909833704e-02,1.44650411314407e-02,1.54065797264563e-01,4.35863907158758e-02,-5.42571476207888e-02,7.79870864151587e-02,4.31714106224938e-03,-5.16911099750747e-02,4.20737067477199e-03,2.36090901654630e-02,-5.51651940943390e-02,-8.92727792139891e-02,-3.18521792920673e-01,-1.09835140118153e-01,-7.64945052820174e-02,5.61104481573944e-02,9.92916611182064e-02,1.28584741611502e-01,2.27539221727566e-02,5.31767931214858e-02,-5.87620562214964e-02,-4.18153148330828e-02,-1.63817793988682e-02,3.19767141340098e-01,-3.30675029096657e-03,-5.34611687080638e-02,1.77318427098727e-01,3.92150483107465e-02,-1.91763560075473e-03,-8.19207327591397e-02,7.39510385376872e-02,1.20553572061977e-02,1.09887159241270e-01,2.66566988884946e-01,1.50204553069329e-02,8.00203584286240e-02,6.50131883847207e-02,-1.54071443977796e-01,7.59331702386324e-02,-9.04717103031863e-02,4.79314587648649e-02,-1.57573712222512e-01,-8.35930116831274e-02,5.89918160589670e-02,3.23416707936018e-02,-1.31531294858770e-01,1.78708586744558e-01,-1.40468266385273e-01,2.19480503604201e-01,-9.86229803125136e-02,-1.25981771711075e-01,-2.29243514091879e-02,-3.23359326825427e-02,2.17320558658189e-01,-1.14000355776406e-01,2.86163716801528e-02,-1.22977461762653e-01,-5.43567305763231e-02,-8.02293989001534e-02,-3.41738523686025e-03,-1.82229140308079e-02,1.08832866151017e-01,5.53017020120282e-02,-1.66846914777048e-01,1.70789730491031e-01,-9.65473789893385e-02,6.66284761227434e-02,1.39454152367429e-01,1.19417629545237e-01,5.04282003236128e-02,8.65145750723774e-03,2.35469340101719e-01,9.74750071103647e-02,1.61880960915163e-01,1.18351731834844e-01,1.62538904666832e-01,1.05672007315302e-01,-9.31169326661158e-02,-1.18136009435267e-02,7.00074108888524e-02,-1.75264880265446e-01,9.08272284986633e-02,1.79389590784951e-02,5.89569894262090e-02,-3.05545106589913e-02,1.78080830334445e-01,-2.79801338529317e-01,-2.26669908879049e-01,1.67581694620839e-01,-4.14983553163197e-02,6.18595377225528e-03,3.61548109362809e-01,1.32240480218324e-01,-2.86525962253829e-02,-4.98925228801063e-02,7.57000537157084e-03,6.72495905978673e-02,-5.75038050486949e-02,1.63364498428024e-02,8.21265391626326e-02,9.64076136144509e-03,-1.69545432684174e-02,7.47254162347320e-02,-7.76631578173629e-02,9.15116391051692e-02,5.00888365695267e-02,-4.91934762612293e-02,1.23569080223779e-01,1.01433854704778e-01,-3.72641162247001e-02,1.34370902230545e-01,3.46053175552791e-02,-6.51374544278567e-02,4.28899277878185e-02,1.45931881267005e-01,-1.18304572206542e-01,-1.62392530251863e-01,1.24098404645325e-01,2.23332653972587e-02,-9.34191456607906e-02,1.32651665352330e-01,4.13769333967850e-02,-1.13574935054878e-01,1.35389402898907e-02,1.57347573377708e-01,8.46097663617897e-02,-1.11977344098226e-01,-1.61059083658192e-02,-2.79933909361499e-02,8.48198845429867e-02,1.92021490954242e-01,1.42184794434992e-02
4.06349203122801e-02,-1.30270013325687e-01,1.31225774211229e-01,-3.94846438990700e-02,3.11992243944389e-02,-2.85103785753478e-01,7.87951423460428e-03,2.27730833305112e-02,-1.67459248170477e-01,-4.81681769255229e-02,-3.17548855339638e-02,-6.37975145981868e-02,1.14853218397639e-01,-1.19057073455066e-01,3.02307882220123e-02,5.23191329302785e-02,2.90918319710872e-02,8.74651232133109e-02,-1.22688810363749e-01,7.50501194629913e-02,5.16105995630997e-02,-1.37050112096580e-01,-1.44634640240490e-02,-1.87030039757484e-01,-2.35507635129426e-02,-1.92398007937054e-01,-8.04260564587715e-02,2.95608388297157e-02,-1.39804186671874e-01,3.52104350562181e-02,3.84146223674671e-02,-2.03747975348043e-01,-1.37773478523552e-02,-1.05602693290131e-01,-3.71847559613980e-03,1.46930865822070e-01,8.92625338553021e-02,-1.17984616476028e-01,-1.22238181103664e-01,-1.15918943996484e-01,1.10104362605902e-01,-2.01597537682892e-02,9.50942871999431e-02,1.01099580325720e-01,4.40349597630793e-02,5.21892401193749e-02,-8.54019648139318e-02,-1.81803258650431e-01,-1.63886141825360e-01,-7.35585391885780e-02,1.38143024447870e-01,-3.67787961717369e-02,-1.72596956515685e-01,1.16634619987513e-01,-4.10737602978637e-02,2.72207450244553e-02,5.54011875229343e-03,4.61023674640173e-02,3.42260569934675e-02,9.99534690953337e-02,1.07178243273726e-01,2.20355801002436e-01,9.10137338873127e-02,1.11808166882472e-01,3.75982554499178e-02,9.38060519290588e-02,-2.01140743959102e-01,1.58517442197298e-01,3.07851117182369e-02,2.28592652191701e-02,-3.20676001888064e-02,-8.80130146769204e-03,-3.30648657441083e-02,1.24599951867151e-01,-7.32010741946184e-02,1.99580469730173e-02,-3.99091685929362e-02,-1.31792686337731e-01,5.12968929230388e-04,-2.55143566653263e-02,-9.15408293631888e-02,1.16456337753072e-01,-1.38794873473589e-01,3.60971534130578e-03,6.57464970987714e-02,2.72266381456462e-02,-2.35772728121679e-02,-5.14125204772447e-02,-1.97809238964045e-02,1.08607729615016e-01,-2.44695879601295e-01,-1.47497531350370e-02,-2.27054519047386e-01,9.62100194128518e-02,-1.96925581384603e-01,8.00157790918785e-02,1.96565165303096e-01,9.20736292748061e-02,7.81616788627935e-02,-5.99085148826170e-02,1.68603902903269e-01,-7.19427345010523e-03,4.80512385633351e-02,-3.74286086971484e-02,3.12582103679089e-02,1.22136036510873e-01,2.84680247854753e-02,3.39393242377158e-02,1.04561313356853e-01,5.03512195997071e-02,-1.02082678641729e-01,2.95948380691816e-01,-2.06236933813946e-01,5.55253025420459e-02,-8.73516769876728e-02,6.14751129434562e-02,-1.33233588954986e-01,-4.53768155265272e-02,7.13500545536204e-02,2.37464787636131e-01,-8.17382384555055e-02,-6.73155176167404e-02,6.03651271958875e-02,1.55605006504765e-01,-9.75291920362880e-03,-7.70446558566938e-02,5.71129181460594e-02,-1.53586584907391e-02,2.87886232953505e-02,-1.19045677255465e-02,3.83011579855740e-02,1.20098201288237e-01,-3.62671836440365e-02,1.03119131824985e-01,2.67511932989762e-01,-1.57332401653163e-01,1.66340273711260e-02,-2.41688253255515e-02,3.56191001442681e-02,1.09036458636885e-01,1.98038327076299e-01,1.38253030658799e-01,2.72491217342289e-02,-1.02063053772944e-01,1.22208439641767e-01,5.93971514082301e-02,-6.59538674564272e-03,3.65379366356202e-02,1.35090491101367e-01,1.47759714323924e-02
-4.38049985724409e-02,-1.77935651974253e-01,1.36643670286728e-02,-4.02615647157307e-02,-1.31833533927762e-01,-7.44933863639181e-02,-2.55518803791592e-01,-2.06930252701436e-01,-4.87033964946428e-02,5.49440076126027e-02,4.72826067873589e-02,1.00869700284534e-01,2.04954146687778e-02,2.62364725506926e-02,5.03106153039442e-03,-2.38100171596502e-02,-1.41518270006214e-02,3.68751099428741e-03,-2.15314529317623e-01,-5.77244025278670e-02,-1.56310312911705e-01,1.48867450188991e-01,1.33106250485923e-01,1.55788696850114e-01,-1.99531080378249e-01,-1.64164737938538e-01,-2.06836985588824e-01,-3.27143711904181e-02,-7.41674227673262e-02,-3.10133446450513e-02,-5.15379661221193e-02,1.66706358058747e-01,-1.26619795018213e-01,-2.09358594582400e-01,-1.59740608174527e-02,-3.07675113980199e-02,-3.23078844688173e-02,1.31497470242353e-02,1.16419508921405e-01,-3.57465223449619e-03,-1.74120688448115e-01,-3.20511159781492e-01,-3.28170029158158e-02,-2.05288913652682e-01,-1.86086572626579e-01,5.00954414506336e-02,5.05966230787711e-02,-1.55310034837024e-03,-1.89775756306973e-02,5.81741619550042e-02,-9.45726052085626e-02,8.76720860558895e-02,7.96983674496480e-03,1.44174115321416e-01,2.10392526535660e-02,7.18365520587523e-02,-1.40744898793418e-01,6.73275570523697e-02,1.40339693882684e-01,1.92289193746479e-02,-4.01159042347633e-02,4.16617106929096e-02,1.47395098499800e-01,-1.37341170134791e-01,1.11968246936813e-01,-1.14745473678611e-01,1.56539677002702e-01,-9.83412651230735e-02,-1.08126205873580e-01,1.16706743238404e-01,-8.11305260050632e-03,1.89824489516646e-01,7.86990212475286e-02,6.47718468156271e-02,1.01689345467523e-01,-2.01172354604036e-02,1.33096645010310e-01,3.34413925181059e-02,-5.22819556186819e-02,2.69726805598872e-02,3.35293443410950e-02,-9.05690574565012e-02,2.70130729238150e-03,-9.59080043100635e-02,1.45939330716484e-02,-1.28690419237755e-02,-4.02338629683988e-02,-1.10967765376567e-02,6.24099744454479e-02,1.71083611789592e-01,3.44886888899199e-02,1.98071312942888e-02,3.17713390261050e-04,-2.08312710651338e-01,-5.04320554992376e-02,5.38666637440499e-02,1.28419701163760e-02,-2.50280748577507e-01,-9.50627776085191e-02,9.29533887961550e-02,-6.32268019205388e-02,-4.64369540991057e-02,-2.31519508507002e-01,2.38497244605988e-03,-3.17713299539282e-02,7.14095451346108e-03,-9.00440049389930e-02,1.14050182452593e-01,4.97190819517559e-02,1.80593338400661e-01,-1.35842235316864e-01,7.75099031142021e-03,-1.52069578724161e-01,-2.50558011180967e-02,-7.89128447215976e-02,-1.14451005409015e-01,-1.29462570730114e-01,-2.18148418621509e-01,2.06633201963214e-02,-1.90678123303476e-02,1.62210057300719e-01,-1.41663985809905e-01,1.00336525304512e-01,1.50561104117932e-01,-5.36325406550286e-02,2.30009117836305e-03,1.60254905410036e-01,1.74585574128876e-02,1.08465860390118e-01,1.53522562079301e-01,-3.49323361193486e-02,-7.09411544187277e-02,-2.50923043061914e-02,1.84897050244145e-01,1.56529967451042e-03,-5.75282126166684e-02,-5.02369827771210e-02,1.98846757477466e-03,9.08930156905030e-02,3.35421518015030e-02,5.23944281446265e-02,-3.35548047037723e-02,9.40660602505156e-02,-4.16853520490887e-02,1.11813246656850e-01,1.09649347050343e-01,-9.33549097695622e-03,-1.94073527822777e-02,1.37746837287146e-02,1.35320875790849e-01
-1.76239545525381e-01,5.18545022954173e-02,-3.33945049683802e-02,5.07428015380790e-02,1.99616685053789e-01,-6.41059687959328e-02,9.33297456971481e-02,8.10750346545246e-02,-7.04413068034110e-02,1.15675605743994e-01,4.16021789726793e-02,1.31739066724234e-01,6.83360164871997e-02,-4.61575080962416e-02,-6.96556601604344e-02,-2.14929342369060e-01,2.96092591385544e-02,1.40954337346929e-01,-8.16566788425487e-02,-1.35890721504720e-01,5.41657423498175e-02,-1.14621710378677e-01,-4.46265161097909e-02,-3.15943585640768e-02,-1.37769090915078e-01,-2.06317432639804e-02,-7.50837384469466e-02,1.39837371646331e-01,1.93315008972653e-01,-9.96637875084353e-02,1.01049866317758e-01,2.69474458442425e-01,6.71803360657810e-02,-4.75097087745864e-03,-1.38860374753749e-01,1.92881313574219e-01,-1.65743930019684e-01,3.37948970820366e-02,-1.12321806387108e-01,-4.75066636925452e-03,-1.88434527618246e-01,2.58276578035912e-02,5.79847514278345e-02,-9.47945226040775e-02,1.10185306881833e-01,-8.44334069264233e-02,1.04311168407934e-01,1.91124021979318e-01,9.66626599688801e-02,-1.49487028387976e-02,-3.66859539040164e-02,-4.47298026084963e-02,-6.87109942137433e-02,-9.96631449376596e-02,-4.26358123922343e-02,1.27243964907788e-01,4.70727550512573e-02,1.41281018610618e-02,-6.35286924859377e-02,2.22249678003350e-02,-1.62693363805877e-02,-2.86738995779601e-03,-1.84410092320396e-02,3.28592952756060e-02,-8.81687290206181e-02,1.10312936799444e-02,-5.00686391095856e-02,2.75534642403799e-02,3.80373206550356e-02,1.33568835632493e-01,5.59816726513816e-02,-1.59174040796786e-01,-1.09570082033979e-01,3.78640577571470e-02,-1.66178578352462e-01,1.45832714948383e-01,-1.11669280543613e-01,-2.02855609787676e-01,-3.78287283861422e-02,-4.36188792304538e-02,-1.60828033119712e-01,1.10679988033903e-01,-2.09629923879048e-01,-4.53646142759010e-02,-3.59178956705109e-02,9.22620239316203e-02,4.44226737630203e-02,8.22894048199675e-02,-7.37418152268385e-02,-1.18923767264609e-01,-1.05077653639415e-01,-1.33862149001675e-01,-1.00679543304068e-02,-1.67263803258290e-01,1.15122910595322e-01,-2.37727589113256e-02,9.45899828283807e-02,-1.94520193294679e-01,-2.26069530202849e-02,-5.33538154944800e-02,-8.92008675299949e-02,1.29094178825182e-01,6.00051789828876e-03,-1.41862519173993e-01,1.56692546654000e-01,1.09921099421875e-01,-1.63284166650807e-02,2.66108614531281e-04,5.42970382876876e-02,1.33687416625859e-02,2.53572892734786e-02,3.04029556428677e-01,1.00761604219340e-01,-5.77932504784677e-02,-5.12670187517444e-02,-4.74553266307444e-02,-5.81923336711312e-02,9.95277143557708e-02,-3.64412999059794e-02,7.71589263250015e-03,-1.34755547007852e-01,-3.26531133173018e-01,-1.82979662101433e-01,-7.68938368612018e-02,1.46508113951915e-01,-2.00182204247714e-01,-1.00592362450752e-01,1.80984289090741e-01,-2.02014204915360e-03,-1.23784384704486e-01,5.64302594922657e-02,5.59060343680420e-03,6.12539094582987e-02,-3.17675132685236e-02,-4.35341351409634e-02,-2.34267177706477e-02,-6.22474788709920e-02,-5.93657104440291e-02,5.46786007515409e-02,-1.64616163732778e-02,1.40178892291896e-01,1.42884623356942e-01,1.01314739814813e-01,1.10266101094828e-01,3.74983311907718e-02,-1.70163371078136e-01,-1.44299735952771e-01,2.68692859769823e-01,3.27819771855494e-02,-9.35418015201103e-02
-1.17600648943536e-01,-1.79804073534144e-01,-2.34671960228332e-01,-1.12072819298871e-01,9.99342425331246e-02,1.68199670326578e-02,5.66628841425403e-02,1.24071311508133e-01,-1.39620269715476e-01,8.89329296489710e-02,-1.40608304626679e-01,7.95500099423439e-02,-1.54560525244196e-01,-4.72939539030813e-02,-1.33102431121629e-01,-9.69555488325578e-03,-9.71946679119448e-02,-4.65951256342081e-02,1.32573987164028e-01,-1.30308723994701e-01,3.94542710732834e-01,1.52145464082959e-01,6.19244669218688e-02,-2.28578279619388e-01,-1.11320690780731e-02,1.87840687710159e-01,5.36921137476293e-02,5.26448559024821e-02,-1.15633686214089e-01,-3.10774914531135e-02,4.63097480213772e-02,-1.44013836118747e-01,1.43037896824372e-01,-2.22128943790232e-01,-1.83071862198297e-02,1.85484884466502e-01,1.98981021527562e-01,3.01290288595307e-02,-1.86345942358112e-01,-5.30801460708109e-02,2.40712877610058e-01,-6.16077189047266e-02,1.17107931361690e-01,-1.34949333778011e-01,8.61637212706761e-02,1.75243055434663e-01,8.21845419102366e-02,-2.47912498765453e-01,-2.17244604964431e-01,1.15159815942179e-01,7.41431892757937e-02,-4.35883581756338e-02,8.50348899699307e-02,1.34977990927754e-01,2.18710849308277e-02,-1.11488187619027e-01,-1.39593143400624e-01,1.53214665697039e-01,3.01567900646454e-02,6.16107444544318e-02,-1.54313978819871e-01,3.86466800662034e-02,-1.27259530054706e-01,5.60761024420776e-02,4.91566287760002e-02,6.47280368608964e-02,6.19382858914250e-03,-8.38496358793767e-02,-6.78971947094830e-02,-2.92453350236194e-01,8.93770680695919e-02,-3.69010382660230e-02,2.76444229167102e-02,-8.44794294598358e-04,3.34767916729795e-02,-7.51296776002972e-03,-8.88348533875136e-03,5.99735511576043e-02,1.54218010615425e-01,-3.10147392415316e-02,-4.40312492371585e-02,-3.85315350716836e-02,-4.62931853157690e-03,7.79491426979552e-02,-1.38763437810172e-02,3.14505560753507e-02,-4.28427885162731e-02,-5.26824913099939e-02,-4.04608104242220e-02,-6.06262925820195e-02,-5.93395866498053e-02,9.14717193577085e-02,7.46466312266512e-02,1.98486918319730e-01,-1.27869662265669e-01,1.07980290563764e-01,-5.34616457708697e-02,4.16309405538583e-02,1.11037866586547e-01,-1.19311046422966e-02,-1.86270447389456e-01,7.49220574549182e-02,-7.59390515886104e-02,1.59338291115616e-01,-3.33467956992544e-02,1.61985368030651e-01,-3.11108636617685e-04,3.20789197904900e-02,-2.70249440090082e-02,9.48173310513844e-02,6.07839313194360e-02,-9.85860668768227e-02,-2.36637655763332e-01,-7.62629569282354e-02,-5.13835849825678e-02,7.35718923137528e-02,8.38375717447539e-02,-3.66182181995557e-02,3.78961526579376e-02,-1.78940602365396e-02,-1.56913522363637e-01,-2.70611595092177e-02,4.18089243228547e-02,-1.58248234627236e-01,9.88416060820065e-02,9.62738123881595e-02,-1.46467288895518e-01,-1.02986996341324e-02,6.69853697532116e-02,1.19508444508123e-01,1.70510036388943e-01,-9.17303131645725e-03,9.57902722957474e-02,-4.95664407291158e-03,-9.57234900600885e-02,-2.86285042989298e-02,9.80800829920966e-02,-3.48353935325663e-01,1.27768702746484e-01,-3.10350402731256e-02,-1.60611874356345e-01,-8.96615020832519e-02,-1.99117863208236e-01,-2.66884641166185e-02,-2.60890330213152e-02,1.33686714275629e-01,1.06464247025643e-01,-9.98940083428782e-02,-1.71283343002872e-01,-6.02623654379409e-03
2.24448457656118e-01,-1.33230976428727e-02,7.56573945697085e-02,3.00316894503530e-02,2.70321009314840e-02,-4.90617161925321e-02,-3.45269193599965e-02,1.70960721002575e-01,-3.39687356115172e-03,-7.67553490007175e-02,-5.61929620266746e-02,7.61431648825923e-02,1.17177116270668e-01,1.93796940973335e-01,1.95035932406565e-02,6.83222848121082e-02,1.05630564806758e-01,2.37852679851336e-01,-3.64030581081137e-03,-1.44997919185525e-01,-1.18115088703316e-01,7.06444725340741e-02,-7.88513958463379e-02,1.36330205358947e-01,-6.18613840118667e-02,6.84810870030710e-02,-1.17699572232160e-02,-1.01776520039568e-01,3.93240361155158e-02,-3.35727230609614e-03,-2.59271084243838e-01,6.21809614802236e-02,2.34289341252856e-02,-6.19381500024454e-02,-2.51972116591416e-02,1.31447424909653e-01,2.80495697982135e-02,-1.08643774712222e-01,-5.40137857281109e-02,2.06883563159362e-02,-8.26781067690660e-03,1.47271675064643e-02,-5.89019763620435e-02,1.59923642866149e-01,-6.66558445129472e-02,4.06615254084250e-02,1.04539694423922e-01,3.47523760531834e-02,1.51450354463086e-01,4.59251667852903e-02,1.77280851649686e-01,-7.48624849794215e-02,-5.42583958443837e-02,-1.28215432295816e-01,1.37141219875763e-01,-3.28021605076505e-02,1.35575955970254e-01,9.66962851165909e-02,7.85694971857377e-02,-1.66190134819107e-01,7.81043809873980e-02,-1.23026288105781e-01,3.81395183060203e-02,-2.78954340467803e-02,7.34383139446465e-02,-1.47059216372897e-01,-1.31800687773023e-01,5.56849928918588e-02,-1.14944706049890e-02,1.34780980100325e-01,-7.45451570070821e-02,-1.46424683904037e-02,-8.64645292482918e-02,1.16492652481664e-01,5.14300491698270e-03,1.45153677670516e-01,1.30128941056425e-02,-5.52290600623178e-02,-6.17536032515657e-02,-2.99821019065257e-02,1.26403870859420e-01,-2.40609562592820e-01,-2.28879959967745e-01,3.52082741980777e-02,7.31096130432813e-02,4.49468569886097e-02,2.06994763294925e-01,1.43958794729917e-01,-1.50628396266434e-01,1.51248784271970e-01,1.16305156653665e-01,-1.09454125935140e-01,1.06960005262753e-01,-8.60557867325982e-02,2.63333202214741e-02,-4.85747143261572e-02,1.19608899718611e-01,-9.22247718696006e-02,-6.47976091885648e-02,3.17531652070049e-01,1.23858699037674e-01,1.37305945688067e-01,1.19699776042077e-01,6.76935849698091e-02,2.49060230273249e-03,-6.79780194644244e-03,9.78821591822206e-02,-1.74857103097431e-01,2.09524339933398e-02,-7.56708293237524e-02,7.69305679418855e-03,2.23343575760298e-01,-6.13528922447029e-02,-2.74342432430126e-02,-7.05811366114708e-02,1.84408881320928e-01,-1.01763251857906e-01,-2.77966075362955e-01,4.29059933014633e-02,-4.11253330804992e-02,1.11080619869210e-02,-1.14446120689742e-01,-9.81667041539742e-02,3.10042122539368e-02,3.50580022570015e-02,-3.83665175157698e-02,-1.93245872011743e-01,1.16954452011948e-01,4.27461335459743e-03,-5.97797089444946e-02,-7.71611236393513e-02,7.06172934442306e-02,-1.82065745297000e-01,-8.20305608257847e-02,-1.27370801166463e-02,-1.21477267882428e-01,-1.65496555410499e-01,-4.07172786429633e-02,-1.54312967002086e-01,-4.81861062854121e-03,-7.16691293818381e-02,-6.60481602329438e-02,1.33324540616987e-01,-8.23113759205445e-02,-1.52469365197217e-02,-3.76147457366377e-02,-3.58532704308123e-02,1.21486943513835e-01,5.75606363193264e-02,3.45488603162840e-02
5.57511112834274e-02,5.03583693324478e-02,-2.19749641649712e-01,4.81543611587621e-03,3.84115538070604e-02,-6.65754388473774e-02,1.49068774263367e-02,-1.19231988864968e-02,9.91659419715885e-02,-1.43678967987041e-01,6.53189529578529e-02,1.22888712354416e-02,-7.49809169779235e-03,-2.91001811327196e-01,-8.37106081873837e-02,-2.32398493486283e-01,1.00841460392006e-01,-6.98046809578693e-02,-2.77125504565592e-02,1.59064244195073e-01,-2.03889210707507e-01,-7.38387005859779e-02,-1.31704665858752e-01,-5.33065766061244e-02,1.47528332597909e-01,-9.74398376209274e-02,8.02222060527926e-02,-2.36994978611395e-02,2.44818347536042e-01,-1.28573828151978e-01,-1.44241772859084e-01,-4.88190825842231e-02,-2.99029652621342e-02,3.42391703780353e-02,-1.77749210856091e-01,1.27041063357444e-01,3.25271706731407e-02,-7.61850625576520e-02,9.02648449223852e-02,5.78686493267386e-02,1.70645108437033e-01,-2.54964974358086e-02,4.09895225896671e-02,-1.15811564690667e-02,1.68347896866061e-01,4.79669447245129e-02,-5.89158911872963e-03,-1.11957274884924e-02,-7.96379801573990e-02,3.67017586745674e-02,1.29328518799350e-02,-1.17631221284391e-01,-1.24307109417377e-01,1.10580707003834e-01,1.34711200718298e-02,1.33490703733499e-01,-2.38575218923689e-01,-1.61100894508013e-01,-2.61293687210723e-02,-6.73958261194194e-02,-9.39511059833218e-02,-3.15394226337667e-03,6.28389764791407e-02,9.66829591792638e-02,1.37111066588740e-01,-1.78520511360731e-02,6.25175810780586e-02,-8.95395725280261e-02,6.76503810617765e-02,-1.12099972800040e-01,5.50300627004725e-02,8.16371141545346e-02,-1.23836483134765e-01,-1.14320368453972e-01,-7.12406004010887e-02,1.52697824272929e-01,-5.48126836099061e-02,-9.78556694601713e-02,1.54564337249831e-01,-1.52207815723620e-01,-1.16373649296620e-01,-7.47846679311529e-02,7.00991130970751e-02,7.34665994120770e-02,-2.05133334643132e-03,-1.08698090436647e-01,2.30041711439567e-01,-1.62107672659288e-02,1.35416459216159e-01,-6.63578340184167e-02,4.65874333973594e-02,8.73851622378589e-02,-2.32184350318768e-01,1.88880890783060e-01,3.77726085023102e-02,-2.93084783467582e-02,-2.23385308819933e-01,-2.20107065920072e-01,5.78753795433856e-02,-5.51251882071842e-02,6.23877896606911e-02,-1.40049393801325e-01,-5.72593519248186e-02,-1.97472076559237e-02,-7.42560569348047e-02,-1.08978090627492e-01,1.99619049340759e-03,-3.55752799773156e-02,-1.32536206600965e-01,5.46360484500414e-02,-8.83173980578115e-02,9.28832066804302e-02,-5.02521180968420e-02,1.05171761597686e-01,1.27818353851963e-03,-4.38381637818961e-02,9.15003329051338e-02,7.66066302555376e-02,-2.58560924107582e-02,5.35181699973706e-02,1.14785170606410e-01,7.33337693639112e-02,-7.12444208755358e-02,-3.58808409053260e-03,4.63247310887553e-02,-9.47391198431032e-02,-8.37927809556685e-02,8.90968858654329e-02,8.94724500007742e-02,-7.30710228614690e-02,-2.47454738574294e-02,-2.30144845354253e-01,-6.63883346765968e-02,1.44547198775432e-01,6.36897991424139e-02,-6.84435709786409e-02,-1.76215349788622e-01,-7.80338743333677e-02,-6.46800624399262e-03,-2.58736410809353e-02,-1.50788609906513e-01,-1.20035125136579e-01,2.51649303770653e-03,-2.64232666993456e-02,-1.72394953251156e-01,1.15445991932794e-01,-7.61691779999147e-03,5.78007761489437e-03,-2.02460878973342e-02,2.07164059000847e-02
-2.08422119176562e-01,-5.77259932015032e-02,9.74446712157286e-02,-1.76398705962992e-01,3.11619439679777e-02,1.32786922436238e-01,-1.28578952931975e-01,3.93731600249451e-02,-2.76028159935882e-02,1.67515402683823e-01,-5.02408577953052e-02,-2.11917922701927e-02,1.04403488240093e-01,-1.17701521576174e-01,6.90408395557206e-02,-3.39139418975780e-02,-2.68579958608318e-02,-1.11982000175119e-01,5.89115829570167e-02,-1.99491641681762e-01,-6.66071579412544e-02,-1.54397184833865e-01,1.25853274160935e-01,-6.32603728002304e-02,2.13251005806391e-02,-1.65154632651932e-02,-1.01278952358338e-01,2.10632142219379e-01,-7.05294739239818e-02,1.74345850112094e-01,-5.54679339438625e-02,1.13543861830008e-01,-1.29029934206080e-01,8.38981895392259e-02,1.08752676131308e-01,2.60954753200760e-02,3.83504350544192e-02,1.92122679269350e-01,2.12477277571798e-01,-9.86683303011998e-04,2.69251250181208e-02,7.88711362875491e-02,-9.08617599055362e-02,3.08718948642261e-02,-2.05145694070915e-01,4.69763060609965e-02,-3.01334460770848e-01,5.30917346487647e-02,-1.30912153964575e-01,-9.46755964002688e-02,5.89812775490226e-02,-4.53513936270776e-02,-6.98830776659729e-02,3.27923825985647e-02,4.25808079546275e-02,-1.13998831189613e-02,-8.55347256007617e-02,-1.09253705143861e-01,1.51872680814101e-01,6.14710152749926e-02,6.05936716414215e-02,1.23255774662812e-01,8.51453016717960e-02,-7.70801668546928e-02,-3.66083229577355e-02,2.28890045881150e-01,1.11795679873822e-01,-9.04537552063742e-02,1.49872951777351e-01,-2.01655306829824e-02,3.72089294447193e-02,-7.32352332024619e-02,1.63796552386350e-02,-5.69054619404945e-02,6.43218080079176e-03,3.31819393560276e-02,-9.68425372153862e-02,1.89319429260084e-01,-1.13683071932048e-01,8.29315195652219e-02,1.55614038791094e-02,1.67980593740320e-01,9.65609424203819e-02,1.28392569089842e-01,-2.59739483388887e-01,3.42157382793384e-03,-5.88007527078704e-02,1.28938985861571e-01,-1.15466971297946e-01,1.20840279108812e-01,-7.82327400578930e-02,-7.85724627903290e-02,-5.94001345740694e-02,-3.91095664823434e-03,1.63794194421099e-01,1.32428079951218e-01,7.40497289132437e-02,-8.78116588723902e-02,8.41594284006191e-02,6.33341121825900e-02,-9.76532389321412e-02,6.66852844445870e-02,-6.51553027008637e-02,-1.56062587565718e-01,4.40255674679194e-02,-1.25991101800430e-01,-1.90062825414030e-01,3.66285922779286e-02,2.49556008352883e-02,-3.81481512789764e-01,1.23533590404354e-01,-1.48979154526594e-01,1.68286554504342e-01,-8.57206290234566e-02,4.83587814615028e-02,2.40521784863263e-01,-4.54943297958863e-02,-2.57460843176865e-02,1.21824399523895e-02,-8.01849231684759e-02,-2.67334008633287e-01,-2.13939481499749e-02,-1.13639106645882e-01,7.12528794408790e-02,-2.47656036644018e-02,-8.04037695012253e-02,3.39520354542059e-03,-5.99290368074928e-02,-9.34895917083970e-02,-1.92509230661386e-01,1.09928206747103e-01,-1.77828007120949e-02,8.30177516784587e-03,-7.52511255097844e-03,1.29258137417862e-01,-4.46858465584989e-02,-8.79448056775318e-02,-2.73973459756901e-02,-1.50200050361913e-01,-9.98764962558555e-02,1.25176615171586e-02,-4.98391239481050e-02,5.82397158874230e-02,4.11939324756647e-02,6.53362784152214e-02,-2.23318206008624e-01,8.51055549250228e-02,1.27759578544495e-01,2.54198706979684e-03,-9.93328753520522e-03
3.42040054954812e-02,-2.30237724547200e-01,1.41729757834928e-01,9.82830331728325e-02,-6.81219284014124e-02,-1.29325655896179e-02,-9.74515705165332e-02,-4.01593954930978e-02,-2.81637804666499e-02,-9.01341201611369e-02,-1.71530671499968e-01,-9.24146692162676e-02,5.07835428245706e-03,-1.58924779332706e-01,1.61499361577126e-01,1.41990867538424e-02,-1.80201768069798e-02,-7.16517802372260e-02,1.00880346782981e-01,-1.14276343139528e-01,1.82059631263238e-01,-1.19206667915668e-02,1.87381286001982e-02,7.39108672515090e-02,9.13438047355339e-02,-8.99676408978838e-02,-5.97306407830577e-02,7.85462968474434e-03,1.63681799897828e-02,3.90795819633954e-02,-4.52803151438888e-02,2.07564824192274e-02,-2.32547270982645e-01,5.55976273857291e-02,6.58018589045697e-02,-1.55709414420950e-01,-2.43482410836687e-02,1.13392184460373e-01,2.75819661275874e-02,-5.61215902367592e-02,7.23037131339223e-02,1.77699531133352e-01,-7.31296734154609e-02,2.83309417831409e-01,1.48163516333913e-02,-3.53782916647782e-02,-2.74276600919229e-02,2.09995703458287e-01,1.30658439461321e-02,9.05175651685959e-02,-5.36662358024557e-02,1.49486848975354e-01,-2.99443989065662e-02,-1.58580875158823e-01,7.79153856450261e-02,7.96651252929165e-02,5.12216924816621e-02,3.83817836244720e-03,7.17233841765308e-02,1.68091651890349e-01,-1.83437057526192e-01,4.08812217826915e-02,-9.72365748004105e-02,1.27615660009352e-01,-9.15342070490583e-02,-1.66648236397888e-01,9.44289266639634e-02,-1.68424597114932e-01,1.06405930826757e-01,7.99625158116489e-03,9.42805545022200e-02,1.14515035916231e-01,-1.40255406321536e-02,-5.59285612568992e-02,-1.75932575547743e-01,4.45977880012644e-02,9.83038484117042e-02,6.58093660398999e-02,-6.78653114424892e-03,-1.81310043496848e-01,-8.73547813653544e-02,6.80381438924692e-02,-2.89180178112102e-02,8.55005381743997e-02,-2.41345047246706e-01,-1.03626720316315e-01,-5.20658364628321e-02,9.49980302299400e-02,-3.29521888590073e-02,-1.90181993856194e-02,-1.42616271507777e-01,8.12643561486918e-02,8.84326664943836e-02,4.25577195579869e-02,-1.62568166685475e-01,-1.27795301563217e-01,1.40776429545714e-01,-8.64673753575282e-02,1.13135157969137e-01,9.38382398377112e-02,-3.03548396132069e-02,-1.78679858682036e-01,7.12649509528812e-02,6.09045606243446e-02,1.16303568014732e-01,-1.06401642280740e-01,-3.27420786584582e-02,1.04049559460724e-01,-1.62924032939599e-02,-4.49614759566466e-02,-1.10195430257815e-01,-2.84678067304481e-02,6.09831925191817e-02,-1.63043698767268e-02,2.16452829896635e-02,-1.76863034269581e-01,-1.78167097464710e-01,-1.28927169792967e-01,-1.30315751645458e-01,-1.31912215416743e-03,-6.13542489782781e-02,4.48203332656882e-02,1.56998448028990e-01,1.70428792198532e-01,-1.03609889526755e-01,1.45302253734227e-02,-6.96161607031614e-02,6.01708982197272e-02,7.48136104515891e-03,2.21966879387217e-02,1.04188101445583e-01,-2.05531902977401e-02,-6.33453957004926e-03,5.77048594528931e-04,-8.17528168026212e-02,-3.33677421865355e-03,-6.52148352794426e-02,1.52168129624068e-01,7.25897875414079e-02,-7.49679458544183e-02,-1.02005178555673e-01,-6.94682461697727e-03,9.28755426677635e-03,1.95233812757255e-02,5.80433218117683e-02,1.03334883556676e-01,6.51286397271660e-02,-8.94039205015854e-02,-7.48290004816558e-02,-6.67875313435622e-02
